[{"id":17926,"crm_id":999,"name":"Charlie's Nissan","dealerSlug":"charlies+nissan","city_state_slug":"Augusta.ME","brand":"Nissan","website":"www.charliesmm.com","address":"465 Western Ave","city":"Augusta","state":"ME","zip":4330,"latitude":44.320655,"longitude":-69.822292,"phone_number_service":"2072132702","phone_number_main":"2076227327","service_hours":"Mo-Fr 07:30 - 17:00 | Sa 08:00 - 12:00","utc_offset":"","gplace_id":0,"gplace_url":"","dealerID":60004,"trusted":false,"image_id":"v1597283926/nissan_RM.png","phone":"2072132702","cityStateSlug":"augusta.me","slug":"Augusta.ME/charlies+nissan","location":"44.320655,-69.822292","brandsList":["nissan"]},{"id":17925,"crm_id":999,"name":"Charlie's Mitsubishi","dealerSlug":"charlies+mitsubishi","city_state_slug":"Augusta.ME","brand":"Mitsubishi","website":"www.charliesmm.com","address":"495 Western Ave","city":"Augusta","state":"ME","zip":4330,"latitude":44.321047,"longitude":-69.824768,"phone_number_service":"2072132702","phone_number_main":"2076227327","service_hours":"Mo-Fr 07:30 - 17:00 | Sa 08:00 - 12:00","utc_offset":"","gplace_id":0,"gplace_url":"","dealerID":60005,"trusted":false,"image_id":"v1597283928/mitsubishi.png","phone":"2072132702","cityStateSlug":"augusta.me","slug":"Augusta.ME/charlies+mitsubishi","location":"44.321047,-69.824768","brandsList":["mitsubishi"]},{"id":16255,"crm_id":999,"name":"Darling's Honda","dealerSlug":"darlings+honda","city_state_slug":"Bangor.ME","brand":"Honda","website":"www.darlingshonda.com/","address":"114 Sylvan Rd","city":"Bangor","state":"ME","zip":4401,"latitude":44.827946,"longitude":-68.745964,"phone_number_service":"2079411460","phone_number_main":"2079411460","service_hours":"Mo-Fr 08:00 - 19:00 | Sa 08:00 - 18:00 | Su Closed","utc_offset":"","gplace_id":0,"gplace_url":"","dealerID":60051,"trusted":false,"image_id":"v1597284047/honda_ms.png","phone":"2079411460","cityStateSlug":"bangor.me","slug":"Bangor.ME/darlings+honda","location":"44.827946,-68.745964","brandsList":["honda"]},{"id":16256,"crm_id":999,"name":"Darling's Nissan","dealerSlug":"darlings+nissan","city_state_slug":"Bangor.ME","brand":"Nissan","website":"www.darlingsnissan.com","address":"114 Sylvan Rd","city":"Bangor","state":"ME","zip":4401,"latitude":44.828106,"longitude":-68.745743,"phone_number_service":"2079411460","phone_number_main":"","service_hours":"Mo-Fr 08:00 - 19:00\n | Sa 09:00 - 18:00\n | Su Closed","utc_offset":"","gplace_id":0,"gplace_url":"","dealerID":60052,"trusted":false,"image_id":"v1597283926/nissan_RM.png","phone":"2079411460","cityStateSlug":"bangor.me","slug":"Bangor.ME/darlings+nissan","location":"44.828106,-68.745743","brandsList":["nissan"]},{"id":16893,"crm_id":999,"name":"Lee Nissan Of Topsham","dealerSlug":"lee+nissan+of+topsham","city_state_slug":"Topsham.ME","brand":"Nissan","website":"www.leenissanoftopsham.com","address":"107 MAIN STREET","city":"Topsham","state":"ME","zip":4086,"latitude":43.936596,"longitude":-69.965658,"phone_number_service":"2078376512","phone_number_main":"","service_hours":"Mo-Th 09:00 - 19:00\n | Fr-Sa 09:00 - 18:00\n | Su Closed","utc_offset":"","gplace_id":0,"gplace_url":"","dealerID":60465,"trusted":false,"image_id":"v1597283926/nissan_RM.png","phone":"2078376512","cityStateSlug":"topsham.me","slug":"Topsham.ME/lee+nissan+of+topsham","location":"43.936596,-69.965658","brandsList":["nissan"]},{"id":17339,"crm_id":999,"name":"Quirk Auto Park of Bangor","dealerSlug":"quirk+auto+park+of+bangor","city_state_slug":"Bangor.ME","brand":"Mercedes-Benz","website":"www.quirk.mercedesdealer.com","address":"327 Hogan Road","city":"Bangor","state":"ME","zip":4401,"latitude":44.824892,"longitude":-68.740111,"phone_number_service":"2079411017","phone_number_main":"8888561318","service_hours":"","utc_offset":"","gplace_id":0,"gplace_url":"","dealerID":61144,"trusted":false,"image_id":"v1597283934/mercedes_RM.png","phone":"2079411017","cityStateSlug":"bangor.me","slug":"Bangor.ME/quirk+auto+park+of+bangor","location":"44.824892,-68.740111","brandsList":["mercedes-benz"]},{"id":16254,"crm_id":999,"name":"Darling's Audi","dealerSlug":"darlings+audi","city_state_slug":"Bangor.ME","brand":"Audi","website":"www.darlingsaudi.com","address":"Hogan Rd 403","city":"Bangor","state":"ME","zip":4401,"latitude":44.8281,"longitude":-68.74,"phone_number_service":"5407755516","phone_number_main":"","service_hours":"Mo-Sa 08:00 - 18:00","utc_offset":"","gplace_id":0,"gplace_url":"","dealerID":61729,"trusted":false,"image_id":"v1597283985/audi_RM.png","phone":"5407755516","cityStateSlug":"bangor.me","slug":"Bangor.ME/darlings+audi","location":"44.8281,-68.74","brandsList":["audi"]},{"id":9122,"crm_id":50862874,"name":"Macdonald Motors Bridgton CDJR","dealerSlug":"macdonald+motors+bridgton+cdjr","city_state_slug":"Bridgton.ME","brand":"Chrysler,Dodge,Jeep,RAM","website":"www.macdonaldmotors.com","address":"456 Portland Rd","city":"Bridgton","state":"ME","zip":4009,"latitude":44.0248835,"longitude":-70.689927,"phone_number_service":"2074944047","phone_number_main":"2076473304","service_hours":"Mo-Fr 08:00 - 17:00 | Sa 08:00 - 12:00","utc_offset":"-240","gplace_id":null,"gplace_url":"https://maps.google.com/?cid=6078194202557139735","dealerID":61859,"trusted":false,"image_id":"v1597283975/chrysler_RM.png","phone":"2074944047","cityStateSlug":"bridgton.me","slug":"Bridgton.ME/macdonald+motors+bridgton+cdjr","location":"44.0248835,-70.689927","brandsList":["chrysler","dodge","jeep","ram"]},{"id":11276,"crm_id":67031995,"name":"Patriot Subaru of Saco","dealerSlug":"patriot+subaru+of+saco","city_state_slug":"Saco.ME","brand":"Subaru","website":"www.patriotsubaru.com","address":"769 Portland Rd","city":"Saco","state":"ME","zip":4072,"latitude":43.5272306,"longitude":-70.4262231,"phone_number_service":"8777331269","phone_number_main":"8776939232","service_hours":"Mo-Fr 07:30 - 17:00 | Sa 08:00 - 17:00","utc_offset":"-240","gplace_id":null,"gplace_url":"https://maps.google.com/?cid=16963070847588486611","dealerID":62754,"trusted":false,"image_id":"v1597283982/subaru_ms.png","phone":"8777331269","cityStateSlug":"saco.me","slug":"Saco.ME/patriot+subaru+of+saco","location":"43.5272306,-70.4262231","brandsList":["subaru"]},{"id":1315,"crm_id":67032046,"name":"Berlin City Honda of Portland","dealerSlug":"berlin+city+honda+of+portland","city_state_slug":"South-Portland.ME","brand":"Honda","website":"www.berlincityhondame.com","address":"255 Maine Mall Rd","city":"South Portland","state":"ME","zip":4106,"latitude":43.638295,"longitude":-70.336178,"phone_number_service":"2074820760","phone_number_main":"2078087730","service_hours":"Mo-Fr 07:00 - 18:00 | Sa 08:00 - 16:00","utc_offset":"-240","gplace_id":null,"gplace_url":"https://maps.google.com/?cid=2748862113912632367","dealerID":62767,"trusted":false,"image_id":"v1597284047/honda_ms.png","phone":"2074820760","cityStateSlug":"south-portland.me","slug":"South-Portland.ME/berlin+city+honda+of+portland","location":"43.638295,-70.336178","brandsList":["honda"]},{"id":1072,"crm_id":67032628,"name":"Bath Subaru","dealerSlug":"bath+subaru","city_state_slug":"Woolwich.ME","brand":"Subaru","website":"www.bathsubaru.com","address":"116 Main St","city":"Woolwich","state":"ME","zip":4579,"latitude":43.918686,"longitude":-69.801298,"phone_number_service":"8883555724","phone_number_main":"8772994342","service_hours":"Mo-Fr 07:30 - 17:00","utc_offset":"-240","gplace_id":null,"gplace_url":"https://maps.google.com/?cid=1193277977248443714","dealerID":62935,"trusted":false,"image_id":"v1597283982/subaru_ms.png","phone":"8883555724","cityStateSlug":"woolwich.me","slug":"Woolwich.ME/bath+subaru","location":"43.918686,-69.801298","brandsList":["subaru"]},{"id":3734,"crm_id":67032892,"name":"Darling's Chrysler Dodge Augusta","dealerSlug":"darlings+chrysler+dodge+augusta","city_state_slug":"Augusta.ME","brand":"Chrysler,Dodge,Jeep,RAM,Fiat","website":"www.darlingschryslerdodgeaugusta.com","address":"439 Western Ave","city":"Augusta","state":"ME","zip":4330,"latitude":44.3201494,"longitude":-69.8196907,"phone_number_service":"8448814347","phone_number_main":"8772431608","service_hours":"Mo-Fr 07:00 - 17:00 | Sa 07:45 - 16:00","utc_offset":"-240","gplace_id":null,"gplace_url":"https://maps.google.com/?cid=15875931137379382461","dealerID":63007,"trusted":false,"image_id":"v1597283975/chrysler_RM.png","phone":"8448814347","cityStateSlug":"augusta.me","slug":"Augusta.ME/darlings+chrysler+dodge+augusta","location":"44.3201494,-69.8196907","brandsList":["chrysler","dodge","jeep","ram","fiat"]},{"id":10321,"crm_id":67033213,"name":"Morong Falmouth Mazda","dealerSlug":"morong+falmouth+mazda","city_state_slug":"Falmouth.ME","brand":"Mazda","website":"www.morongmazda.com","address":"187 US Route 1","city":"Falmouth","state":"ME","zip":4105,"latitude":43.7159804,"longitude":-70.232806,"phone_number_service":"8443388806","phone_number_main":"2077814020","service_hours":"Mo 08:00 - 18:00 | Tu 08:00 - 17:00 | We 08:00 - 17:00 | Th 08:00 - 17:00 | Fr 08:00 - 17:00","utc_offset":"-240","gplace_id":null,"gplace_url":"https://maps.google.com/?cid=12286518379589014778","dealerID":63096,"trusted":false,"image_id":"v1597283937/mazda.png","phone":"8443388806","cityStateSlug":"falmouth.me","slug":"Falmouth.ME/morong+falmouth+mazda","location":"43.7159804,-70.232806","brandsList":["mazda"]},{"id":10921,"crm_id":67035904,"name":"O'Connor Auto Park","dealerSlug":"oconnor+auto+park","city_state_slug":"Augusta.ME","brand":"Buick,Cadillac,Chevrolet,GMC","website":"www.oconnorautopark.com","address":"199 Riverside Dr","city":"Augusta","state":"ME","zip":4330,"latitude":44.330041,"longitude":-69.760832,"phone_number_service":"8662377909","phone_number_main":"2076223191","service_hours":"Mo-Fr 07:00 - 17:00 | Sa 08:00 - 1200","utc_offset":"-240","gplace_id":null,"gplace_url":"https://maps.google.com/?cid=13734178029424586997","dealerID":63837,"trusted":false,"image_id":"v1597283981/buick_RM.png","phone":"8662377909","cityStateSlug":"augusta.me","slug":"Augusta.ME/oconnor+auto+park","location":"44.330041,-69.760832","brandsList":["buick","cadillac","chevrolet","gmc"]},{"id":10785,"crm_id":67036720,"name":"Norman David Suzuki","dealerSlug":"norman+david+suzuki","city_state_slug":"Windham.ME","brand":"Isuzu,Suzuki","website":"normandavid.com","address":"665 Roosevelt Trail  Route 302","city":"Windham","state":"ME","zip":4062,"latitude":43.8263582,"longitude":-70.4341544,"phone_number_service":"2078928536","phone_number_main":"2078928536","service_hours":"Mo-Th 08:00 - 16:30","utc_offset":"-240","gplace_id":null,"gplace_url":"https://maps.google.com/?cid=14150257308704392915","dealerID":64060,"trusted":false,"image_id":"v1597283898/suzuki-logo.png","phone":"2078928536","cityStateSlug":"windham.me","slug":"Windham.ME/norman+david+suzuki","location":"43.8263582,-70.4341544","brandsList":["isuzu","suzuki"]},{"id":11999,"crm_id":67036978,"name":"Quirk Chevrolet of Portland","dealerSlug":"quirk+chevrolet+of+portland","city_state_slug":"Portland.ME","brand":"Chevrolet","website":"www.quirkchevyofportland.com","address":"1000 Brighton Ave","city":"Portland","state":"ME","zip":4102,"latitude":43.673367,"longitude":-70.3205136,"phone_number_service":"8778083837","phone_number_main":"2074208968","service_hours":"Mo-Fr 07:00 - 18:00 | Sa 08:00 - 16:00","utc_offset":"-240","gplace_id":null,"gplace_url":"https://maps.google.com/?cid=3045682552658056536","dealerID":64133,"trusted":false,"image_id":"v1597284079/chevy_ms.png","phone":"8778083837","cityStateSlug":"portland.me","slug":"Portland.ME/quirk+chevrolet+of+portland","location":"43.673367,-70.3205136","brandsList":["chevrolet"]},{"id":2613,"crm_id":67037443,"name":"Carroll's Auto Sales","dealerSlug":"carrolls+auto+sales","city_state_slug":"Presque-Isle.ME","brand":"Buick,Chevrolet,GMC","website":"www.carrollsautosales.com","address":"280 Main St","city":"Presque Isle","state":"ME","zip":4769,"latitude":46.6769279,"longitude":-68.0150672,"phone_number_service":"8885972531","phone_number_main":"2077643114","service_hours":"Mo-Fr 07:00 - 17:00","utc_offset":"-240","gplace_id":null,"gplace_url":"https://maps.google.com/?cid=14899555091590862575","dealerID":64261,"trusted":false,"image_id":"v1597283981/buick_RM.png","phone":"8885972531","cityStateSlug":"presque-isle.me","slug":"Presque-Isle.ME/carrolls+auto+sales","location":"46.6769279,-68.0150672","brandsList":["buick","chevrolet","gmc"]},{"id":12004,"crm_id":67038412,"name":"Quirk Hyundai of Bangor","dealerSlug":"quirk+hyundai+of+bangor","city_state_slug":"Bangor.ME","brand":"Hyundai","website":"www.quirkhyundaiofbangor.com","address":"162 Haskell Rd","city":"Bangor","state":"ME","zip":4401,"latitude":44.833228,"longitude":-68.7384349,"phone_number_service":"2079457060","phone_number_main":"2079470097","service_hours":"Mo-Fr 07:30 - 17:00","utc_offset":"-240","gplace_id":null,"gplace_url":"https://maps.google.com/?cid=13454354898315647699","dealerID":64534,"trusted":false,"image_id":"v1597283959/hyundai_RM.png","phone":"2079457060","cityStateSlug":"bangor.me","slug":"Bangor.ME/quirk+hyundai+of+bangor","location":"44.833228,-68.7384349","brandsList":["hyundai"]},{"id":4603,"crm_id":67038448,"name":"Evergreen Subaru","dealerSlug":"evergreen+subaru","city_state_slug":"Auburn.ME","brand":"Subaru","website":"www.evergreensubaru.com","address":"774 Center St","city":"Auburn","state":"ME","zip":4210,"latitude":44.128158,"longitude":-70.225443,"phone_number_service":"2075133939","phone_number_main":"2077868500","service_hours":"Mo-Fr 07:30 - 18:00 | Sa 08:30 - 17:00","utc_offset":"-240","gplace_id":null,"gplace_url":"https://maps.google.com/?cid=16425297082692055054","dealerID":64541,"trusted":false,"image_id":"v1597283982/subaru_ms.png","phone":"2075133939","cityStateSlug":"auburn.me","slug":"Auburn.ME/evergreen+subaru","location":"44.128158,-70.225443","brandsList":["subaru"]},{"id":1317,"crm_id":67039033,"name":"Berlin City Lexus of Portland","dealerSlug":"berlin+city+lexus+of+portland","city_state_slug":"Portland.ME","brand":"Lexus","website":"www.berlincitylexus.com","address":"191 Riverside St","city":"Portland","state":"ME","zip":4103,"latitude":43.6831125,"longitude":-70.3255633,"phone_number_service":"2072451310","phone_number_main":"2078353151","service_hours":"Mo-Fr 07:00 - 17:30","utc_offset":"-240","gplace_id":null,"gplace_url":"https://maps.google.com/?cid=13525356680163867012","dealerID":64702,"trusted":false,"image_id":"v1597284042/lexus_ms.png","phone":"2072451310","cityStateSlug":"portland.me","slug":"Portland.ME/berlin+city+lexus+of+portland","location":"43.6831125,-70.3255633","brandsList":["lexus"]},{"id":8541,"crm_id":67039669,"name":"Lee Dodge Chrysler Jeep RAM Westbrook","dealerSlug":"lee+dodge+chrysler+jeep+ram+westbrook","city_state_slug":"Westbrook.ME","brand":"Chrysler,Dodge,Jeep,RAM","website":"www.leedodgechryslerjeep.com","address":"200 Main St","city":"Westbrook","state":"ME","zip":4092,"latitude":43.6781312,"longitude":-70.3394336,"phone_number_service":"8442980786","phone_number_main":"2078566685","service_hours":"Mo-Fr 07:30 - 17:30 | Sa 08:00 - 16:30","utc_offset":"-240","gplace_id":null,"gplace_url":"https://maps.google.com/?cid=9108000372747947753","dealerID":64876,"trusted":false,"image_id":"v1597283975/chrysler_RM.png","phone":"8442980786","cityStateSlug":"westbrook.me","slug":"Westbrook.ME/lee+dodge+chrysler+jeep+ram+westbrook","location":"43.6781312,-70.3394336","brandsList":["chrysler","dodge","jeep","ram"]},{"id":1353,"crm_id":67039675,"name":"Bessey Motor Sales","dealerSlug":"bessey+motor+sales","city_state_slug":"South-Paris.ME","brand":"Chrysler,Dodge,Jeep,RAM","website":"www.besseymotor.com","address":"209 Main St","city":"South Paris","state":"ME","zip":4281,"latitude":44.2142787,"longitude":-70.5234124,"phone_number_service":"8442980791","phone_number_main":"2077436341","service_hours":"Mo-Fr 08:00 - 17:00","utc_offset":"-240","gplace_id":null,"gplace_url":"https://maps.google.com/?cid=11012331447853462314","dealerID":64877,"trusted":false,"image_id":"v1597283975/chrysler_RM.png","phone":"8442980791","cityStateSlug":"south-paris.me","slug":"South-Paris.ME/bessey+motor+sales","location":"44.2142787,-70.5234124","brandsList":["chrysler","dodge","jeep","ram"]},{"id":11151,"crm_id":67039726,"name":"Pape Chevrolet","dealerSlug":"pape+chevrolet","city_state_slug":"South-Portland.ME","brand":"Chevrolet","website":"www.papechevrolet.com","address":"425 Westbrook St","city":"South Portland","state":"ME","zip":4106,"latitude":43.6329191,"longitude":-70.3122663,"phone_number_service":"8004058156","phone_number_main":"2077756111","service_hours":"Mo-Fr 07:00 - 17:00 | Sa 08:00 - 12:00","utc_offset":"-240","gplace_id":null,"gplace_url":"https://maps.google.com/?cid=17586316575575670256","dealerID":64893,"trusted":false,"image_id":"v1597284079/chevy_ms.png","phone":"8004058156","cityStateSlug":"south-portland.me","slug":"South-Portland.ME/pape+chevrolet","location":"43.6329191,-70.3122663","brandsList":["chevrolet"]},{"id":13144,"crm_id":67039948,"name":"Shepard Toyota","dealerSlug":"shepard+toyota","city_state_slug":"Thomaston.ME","brand":"Toyota","website":"www.shepardtoyota.com","address":"181 New County Rd","city":"Thomaston","state":"ME","zip":4861,"latitude":44.0936251,"longitude":-69.1390872,"phone_number_service":"2075948424","phone_number_main":"2075948424","service_hours":"Mo-Fr  08:00 - 18:00","utc_offset":"-240","gplace_id":null,"gplace_url":"https://maps.google.com/?cid=1738911360095112454","dealerID":64954,"trusted":false,"image_id":"v1597284039/toyota_ms.png","phone":"2075948424","cityStateSlug":"thomaston.me","slug":"Thomaston.ME/shepard+toyota","location":"44.0936251,-69.1390872","brandsList":["toyota"]},{"id":2832,"crm_id":67042450,"name":"Charlie's Kia","dealerSlug":"charlies+kia","city_state_slug":"Augusta.ME","brand":"Kia","website":"www.charlieskia.com","address":"475 Western Ave","city":"Augusta","state":"ME","zip":4330,"latitude":44.3203148,"longitude":-69.8234499,"phone_number_service":"8774543990","phone_number_main":"2076226621","service_hours":"Mo-Fr 07:30 - 17:00 | Sa 08:00 - 12:00","utc_offset":"-240","gplace_id":null,"gplace_url":"https://maps.google.com/?cid=14516635968060433843","dealerID":65603,"trusted":false,"image_id":"v1597283948/kia_RM.png","phone":"8774543990","cityStateSlug":"augusta.me","slug":"Augusta.ME/charlies+kia","location":"44.3203148,-69.8234499","brandsList":["kia"]},{"id":12008,"crm_id":67043407,"name":"Quirk Subaru of Bangor","dealerSlug":"quirk+subaru+of+bangor","city_state_slug":"Bangor.ME","brand":"Subaru","website":"www.quirksubaru.com","address":"295 Hogan Rd","city":"Bangor","state":"ME","zip":4401,"latitude":44.8245438,"longitude":-68.7391501,"phone_number_service":"8778913087","phone_number_main":"2072991681","service_hours":"Mo-Fr 07:30 - 17:00 | Sa 07:30 - 16:00","utc_offset":"-240","gplace_id":null,"gplace_url":"https://maps.google.com/?cid=12624540391949403969","dealerID":65878,"trusted":false,"image_id":"v1597283982/subaru_ms.png","phone":"8778913087","cityStateSlug":"bangor.me","slug":"Bangor.ME/quirk+subaru+of+bangor","location":"44.8245438,-68.7391501","brandsList":["subaru"]},{"id":7880,"crm_id":67043419,"name":"Key Ford of York","dealerSlug":"key+ford+of+york","city_state_slug":"York.ME","brand":"Ford","website":"www.keyfordofyork.com","address":"422 US-1","city":"York","state":"ME","zip":3909,"latitude":43.1498909,"longitude":-70.6701854,"phone_number_service":"2073632483","phone_number_main":"2073632483","service_hours":"Mo-Fr 08:00 - 17:00","utc_offset":"-240","gplace_id":null,"gplace_url":"https://maps.google.com/?cid=13804521223006974150","dealerID":65881,"trusted":false,"image_id":"v1597283967/ford_RM.png","phone":"2073632483","cityStateSlug":"york.me","slug":"York.ME/key+ford+of+york","location":"43.1498909,-70.6701854","brandsList":["ford"]},{"id":15694,"crm_id":67043425,"name":"Yankee Ford of Brunswick","dealerSlug":"yankee+ford+of+brunswick","city_state_slug":"Brunswick.ME","brand":"Ford","website":"www.tuckerford.com","address":"262 Bath Rd","city":"Brunswick","state":"ME","zip":4011,"latitude":43.9095708,"longitude":-69.9041411,"phone_number_service":"2077251228","phone_number_main":"2077251228","service_hours":"Mo-Fr 07:30 - 17:00 | Sa 08:00 - 17:00","utc_offset":"-240","gplace_id":null,"gplace_url":"https://maps.google.com/?cid=717716729191400344","dealerID":65883,"trusted":false,"image_id":"v1597283967/ford_RM.png","phone":"2077251228","cityStateSlug":"brunswick.me","slug":"Brunswick.ME/yankee+ford+of+brunswick","location":"43.9095708,-69.9041411","brandsList":["ford"]},{"id":1959,"crm_id":67043431,"name":"Bodwell Chrysler Jeep Dodge RAM","dealerSlug":"bodwell+chrysler+jeep+dodge+ram","city_state_slug":"Brunswick.ME","brand":"Chrysler,Dodge,Jeep,RAM","website":"www.bodwellchryslerjeepdodge.com","address":"169 Pleasant St","city":"Brunswick","state":"ME","zip":4011,"latitude":43.9118112,"longitude":-69.9889353,"phone_number_service":"8443014701","phone_number_main":"2077293375","service_hours":"Mo-Th 06:30 - 19:00 | Fr 06:30 - 18:00","utc_offset":"-240","gplace_id":null,"gplace_url":"https://maps.google.com/?cid=16692466637256077555","dealerID":65885,"trusted":false,"image_id":"v1597283975/chrysler_RM.png","phone":"8443014701","cityStateSlug":"brunswick.me","slug":"Brunswick.ME/bodwell+chrysler+jeep+dodge+ram","location":"43.9118112,-69.9889353","brandsList":["chrysler","dodge","jeep","ram"]},{"id":5670,"crm_id":67043437,"name":"Goodwin Chevrolet Brunswick","dealerSlug":"goodwin+chevrolet+brunswick","city_state_slug":"Brunswick.ME","brand":"Chevrolet","website":"www.goodwinchevyme.com","address":"195 Pleasant St","city":"Brunswick","state":"ME","zip":4011,"latitude":43.9114549,"longitude":-69.9931671,"phone_number_service":"8882367785","phone_number_main":"2077291611","service_hours":"Mo-Fr 07:30 - 17:00 | Sa 08:00 - 13:00","utc_offset":"-240","gplace_id":null,"gplace_url":"https://maps.google.com/?cid=7913508137136317219","dealerID":65887,"trusted":false,"image_id":"v1597284079/chevy_ms.png","phone":"8882367785","cityStateSlug":"brunswick.me","slug":"Brunswick.ME/goodwin+chevrolet+brunswick","location":"43.9114549,-69.9931671","brandsList":["chevrolet"]},{"id":1441,"crm_id":67043443,"name":"Bill Dodge Hyundai","dealerSlug":"bill+dodge+hyundai","city_state_slug":"Brunswick.ME","brand":"Hyundai","website":"www.billdodgehyundai.com","address":"118 Pleasant St","city":"Brunswick","state":"ME","zip":4011,"latitude":43.913132,"longitude":-69.9818333,"phone_number_service":"8883647887","phone_number_main":"2077218300","service_hours":"Mo-Fr 07:30 - 17:30","utc_offset":"-240","gplace_id":null,"gplace_url":"https://maps.google.com/?cid=8283503729532931852","dealerID":65889,"trusted":false,"image_id":"v1597283959/hyundai_RM.png","phone":"8883647887","cityStateSlug":"brunswick.me","slug":"Brunswick.ME/bill+dodge+hyundai","location":"43.913132,-69.9818333","brandsList":["hyundai"]},{"id":10320,"crm_id":67043449,"name":"Morong Brunswick Volkswagen","dealerSlug":"morong+brunswick+volkswagen","city_state_slug":"Brunswick.ME","brand":"Volkswagen","website":"www.morongvw.net","address":"314 Bath Rd","city":"Brunswick","state":"ME","zip":4011,"latitude":43.9116905,"longitude":-69.896192,"phone_number_service":"8889065612","phone_number_main":"2077254323","service_hours":"Mo-Fr 08:00 - 17:00","utc_offset":"-240","gplace_id":null,"gplace_url":"https://maps.google.com/?cid=18179694298443475397","dealerID":65891,"trusted":false,"image_id":"v1597283902/volkswagen.png","phone":"8889065612","cityStateSlug":"brunswick.me","slug":"Brunswick.ME/morong+brunswick+volkswagen","location":"43.9116905,-69.896192","brandsList":["volkswagen"]},{"id":432,"crm_id":67043461,"name":"Arundel Ford","dealerSlug":"arundel+ford","city_state_slug":"Arundel.ME","brand":"Ford","website":"www.arundelfd.com","address":"1561 Portland Rd","city":"Arundel","state":"ME","zip":4046,"latitude":43.4201263,"longitude":-70.5149681,"phone_number_service":"8664043178","phone_number_main":"8008897171","service_hours":"Mo-Fr 08:00 - 17:00 | Sa 08:00 - 12:00","utc_offset":"-240","gplace_id":null,"gplace_url":"https://maps.google.com/?cid=8798570207927894406","dealerID":65894,"trusted":false,"image_id":"v1597283967/ford_RM.png","phone":"8664043178","cityStateSlug":"arundel.me","slug":"Arundel.ME/arundel+ford","location":"43.4201263,-70.5149681","brandsList":["ford"]},{"id":11896,"crm_id":67043467,"name":"Prime Honda Saco","dealerSlug":"prime+honda+saco","city_state_slug":"Saco.ME","brand":"Honda","website":"www.primehondasaco.com","address":"754 Portland Rd","city":"Saco","state":"ME","zip":4072,"latitude":43.525511,"longitude":-70.4282476,"phone_number_service":"8774684502","phone_number_main":"2073917900","service_hours":"Mo-Fr 07:30 - 18:00 | Sa 07:00 - 16:00","utc_offset":"-240","gplace_id":null,"gplace_url":"https://maps.google.com/?cid=10990566910868211621","dealerID":65896,"trusted":false,"image_id":"v1597284047/honda_ms.png","phone":"8774684502","cityStateSlug":"saco.me","slug":"Saco.ME/prime+honda+saco","location":"43.525511,-70.4282476","brandsList":["honda"]},{"id":11891,"crm_id":67043491,"name":"Prime Chrysler Dodge Jeep RAM","dealerSlug":"prime+chrysler+dodge+jeep+ram","city_state_slug":"Saco.ME","brand":"Chrysler,Dodge,Jeep,RAM","website":"www.primechryslerdodgejeepramsaco.com","address":"824 Portland Rd","city":"Saco","state":"ME","zip":4072,"latitude":43.5345366,"longitude":-70.4246117,"phone_number_service":"2077470347","phone_number_main":"2077471613","service_hours":"Mo-Fr 07:00 - 17:00 | Sa 08:00 - 16:00","utc_offset":"-240","gplace_id":null,"gplace_url":"https://maps.google.com/?cid=4497927632346658101","dealerID":65900,"trusted":false,"image_id":"v1597283975/chrysler_RM.png","phone":"2077470347","cityStateSlug":"saco.me","slug":"Saco.ME/prime+chrysler+dodge+jeep+ram","location":"43.5345366,-70.4246117","brandsList":["chrysler","dodge","jeep","ram"]},{"id":11892,"crm_id":67043494,"name":"Prime Ford - Saco","dealerSlug":"prime+ford+saco","city_state_slug":"Saco.ME","brand":"Ford","website":"www.primefordsaco.com","address":"857 Portland RoadRoute 1 - \"The Automile\"","city":"Saco","state":"ME","zip":4072,"latitude":43.5379325,"longitude":-70.4196655,"phone_number_service":"8778176359","phone_number_main":"8778176359","service_hours":"Mo-Fr 07:30 - 17:00 | Sa 07:30 - 16:00","utc_offset":"-240","gplace_id":null,"gplace_url":"https://maps.google.com/?cid=7049449511820232048","dealerID":65901,"trusted":false,"image_id":"v1597283967/ford_RM.png","phone":"8778176359","cityStateSlug":"saco.me","slug":"Saco.ME/prime+ford+saco","location":"43.5379325,-70.4196655","brandsList":["ford"]},{"id":1444,"crm_id":67043506,"name":"Bill Dodge Nissan","dealerSlug":"bill+dodge+nissan","city_state_slug":"Saco.ME","brand":"Nissan","website":"www.billdodgenissan.com","address":"852 Portland Rd","city":"Saco","state":"ME","zip":4072,"latitude":43.5386238,"longitude":-70.4213638,"phone_number_service":"8887143064","phone_number_main":"2072833999","service_hours":"Mo-Fr 07:30 - 17:30 | Sa 08:00 - 15:00","utc_offset":"-240","gplace_id":null,"gplace_url":"https://maps.google.com/?cid=4796440214822192622","dealerID":65904,"trusted":false,"image_id":"v1597283926/nissan_RM.png","phone":"8887143064","cityStateSlug":"saco.me","slug":"Saco.ME/bill+dodge+nissan","location":"43.5386238,-70.4213638","brandsList":["nissan"]},{"id":6982,"crm_id":67043515,"name":"Ira Jack Chevrolet Cadillac","dealerSlug":"ira+jack+chevrolet+cadillac","city_state_slug":"Saco.ME","brand":"Cadillac,Chevrolet","website":"www.irajack.com","address":"884 Portland Rd","city":"Saco","state":"ME","zip":4072,"latitude":43.5414422,"longitude":-70.4179698,"phone_number_service":"8886176481","phone_number_main":"2072845986","service_hours":"Mo-Fr 07:00 17:00 | Sa 08:00 13:00","utc_offset":"-240","gplace_id":null,"gplace_url":"https://maps.google.com/?cid=5786401355489931661","dealerID":65907,"trusted":false,"image_id":"v1597283980/cadillac.png","phone":"8886176481","cityStateSlug":"saco.me","slug":"Saco.ME/ira+jack+chevrolet+cadillac","location":"43.5414422,-70.4179698","brandsList":["cadillac","chevrolet"]},{"id":9232,"crm_id":67043521,"name":"Marc Motors Nissan","dealerSlug":"marc+motors+nissan","city_state_slug":"Sanford.ME","brand":"Nissan","website":"www.marcmotorsnissan.com","address":"1744 Main St","city":"Sanford","state":"ME","zip":4073,"latitude":43.4024119,"longitude":-70.7277665,"phone_number_service":"8884157938","phone_number_main":"2073243454","service_hours":"Mo-Fr 07:30 - 18:00 | Sa 08:00 - 15:00","utc_offset":"-240","gplace_id":null,"gplace_url":"https://maps.google.com/?cid=3770259074761523931","dealerID":65909,"trusted":false,"image_id":"v1597283926/nissan_RM.png","phone":"8884157938","cityStateSlug":"sanford.me","slug":"Sanford.ME/marc+motors+nissan","location":"43.4024119,-70.7277665","brandsList":["nissan"]},{"id":7164,"crm_id":67043527,"name":"Jaguar Scarborough","dealerSlug":"jaguar+scarborough","city_state_slug":"Scarborough.ME","brand":"Jaguar","website":"www.jaguarme.com","address":"371 US Route 1","city":"Scarborough","state":"ME","zip":4074,"latitude":43.5862958,"longitude":-70.3561414,"phone_number_service":"8443389241","phone_number_main":"2078830161","service_hours":"Mo-Fr 07:30 – 17:00","utc_offset":"-240","gplace_id":null,"gplace_url":"https://maps.google.com/?cid=2819046517602686885","dealerID":65911,"trusted":false,"image_id":"v1597283954/jaguar_RM.png","phone":"8443389241","cityStateSlug":"scarborough.me","slug":"Scarborough.ME/jaguar+scarborough","location":"43.5862958,-70.3561414","brandsList":["jaguar"]},{"id":8344,"crm_id":67043533,"name":"Land Rover Scarborough","dealerSlug":"land+rover+scarborough","city_state_slug":"Scarborough.ME","brand":"Land Rover","website":"www.landroverme.com","address":"371 US Route 1","city":"Scarborough","state":"ME","zip":4074,"latitude":43.5863248,"longitude":-70.356113,"phone_number_service":"8443389346","phone_number_main":"","service_hours":"Mo-Fr 07:30 - 17:00","utc_offset":"-240","gplace_id":null,"gplace_url":"https://maps.google.com/?cid=1613042518086304186","dealerID":65913,"trusted":false,"image_id":"v1597283945/landrover_RM.png","phone":"8443389346","cityStateSlug":"scarborough.me","slug":"Scarborough.ME/land+rover+scarborough","location":"43.5863248,-70.356113","brandsList":["land rover"]},{"id":11777,"crm_id":67043539,"name":"Portland Volvo Cars","dealerSlug":"portland+volvo+cars","city_state_slug":"Scarborough.ME","brand":"Volvo","website":"www.portlandvolvo.com","address":"9 U.S. Route 1","city":"Scarborough","state":"ME","zip":4074,"latitude":43.6129406,"longitude":-70.3132346,"phone_number_service":"8885284785","phone_number_main":"2078835568","service_hours":"Mo-Fr 07:00 - 18:00","utc_offset":"-240","gplace_id":null,"gplace_url":"https://maps.google.com/?cid=14846930272004784512","dealerID":65915,"trusted":false,"image_id":"v1597283901/volvo.jpg","phone":"8885284785","cityStateSlug":"scarborough.me","slug":"Scarborough.ME/portland+volvo+cars","location":"43.6129406,-70.3132346","brandsList":["volvo"]},{"id":8561,"crm_id":67043545,"name":"Lee Toyota of Topsham","dealerSlug":"lee+toyota+of+topsham","city_state_slug":"Topsham.ME","brand":"Toyota","website":"www.leetoyota.com","address":"115 Main St","city":"Topsham","state":"ME","zip":4086,"latitude":43.937921,"longitude":-69.963454,"phone_number_service":"8773749103","phone_number_main":"2077293358","service_hours":"Mo-Fr 07:30 - 17:30","utc_offset":"-240","gplace_id":null,"gplace_url":"https://maps.google.com/?cid=13706187924957211911","dealerID":65917,"trusted":false,"image_id":"v1597284039/toyota_ms.png","phone":"8773749103","cityStateSlug":"topsham.me","slug":"Topsham.ME/lee+toyota+of+topsham","location":"43.937921,-69.963454","brandsList":["toyota"]},{"id":5673,"crm_id":67043554,"name":"Goodwin's Volvo","dealerSlug":"goodwins+volvo","city_state_slug":"Topsham.ME","brand":"Volvo","website":"www.goodwinsvolvo.com","address":"91 Main St","city":"Topsham","state":"ME","zip":4086,"latitude":43.9337976,"longitude":-69.9645424,"phone_number_service":"8883757514","phone_number_main":"2077293369","service_hours":"Mo-Fr 07:00 - 18:00","utc_offset":"-240","gplace_id":null,"gplace_url":"https://maps.google.com/?cid=15540225952281554037","dealerID":65920,"trusted":false,"image_id":"v1597283901/volvo.jpg","phone":"8883757514","cityStateSlug":"topsham.me","slug":"Topsham.ME/goodwins+volvo","location":"43.9337976,-69.9645424","brandsList":["volvo"]},{"id":1442,"crm_id":67043560,"name":"Bill Dodge INFINITI","dealerSlug":"bill+dodge+infiniti","city_state_slug":"Westbrook.ME","brand":"INFINITI","website":"www.billdodgeinfiniti.com","address":"1 Saunders Way","city":"Westbrook","state":"ME","zip":4092,"latitude":43.6739768,"longitude":-70.3381576,"phone_number_service":"8882588781","phone_number_main":"2078543200","service_hours":"Mo-Fr 07:30 - 17:00","utc_offset":"-240","gplace_id":null,"gplace_url":"https://maps.google.com/?cid=6948539246805869189","dealerID":65922,"trusted":false,"image_id":"v1597283957/infiniti_RM.png","phone":"8882588781","cityStateSlug":"westbrook.me","slug":"Westbrook.ME/bill+dodge+infiniti","location":"43.6739768,-70.3381576","brandsList":["infiniti"]},{"id":1440,"crm_id":67043566,"name":"Bill Dodge GMC - Buick","dealerSlug":"bill+dodge+gmc+buick","city_state_slug":"Westbrook.ME","brand":"Buick,GMC","website":"www.billdodgewestbrook.com","address":"2 Saunders Way","city":"Westbrook","state":"ME","zip":4092,"latitude":43.6726504,"longitude":-70.3395338,"phone_number_service":"8778718203","phone_number_main":"2078543200","service_hours":"Mo-Fr 07:30 - 17:30","utc_offset":"-240","gplace_id":null,"gplace_url":"https://maps.google.com/?cid=5337710995977241176","dealerID":65924,"trusted":false,"image_id":"v1597283981/buick_RM.png","phone":"8778718203","cityStateSlug":"westbrook.me","slug":"Westbrook.ME/bill+dodge+gmc+buick","location":"43.6726504,-70.3395338","brandsList":["buick","gmc"]},{"id":1443,"crm_id":67043572,"name":"Bill Dodge Kia","dealerSlug":"bill+dodge+kia","city_state_slug":"Westbrook.ME","brand":"Kia","website":"www.billdodgekia.net","address":"3 Saunders Way","city":"Westbrook","state":"ME","zip":4092,"latitude":43.673845,"longitude":-70.337426,"phone_number_service":"8888390860","phone_number_main":"2078543200","service_hours":"Mo-Fr 07:30 - 17:00","utc_offset":"-240","gplace_id":null,"gplace_url":"https://maps.google.com/?cid=3973290340282181506","dealerID":65926,"trusted":false,"image_id":"v1597283948/kia_RM.png","phone":"8888390860","cityStateSlug":"westbrook.me","slug":"Westbrook.ME/bill+dodge+kia","location":"43.673845,-70.337426","brandsList":["kia"]},{"id":1785,"crm_id":67043578,"name":"BMW of Westbrook","dealerSlug":"bmw+of+westbrook","city_state_slug":"Westbrook.ME","brand":"BMW","website":"www.bmwofwestbrook.com","address":"7 Saunders Way","city":"Westbrook","state":"ME","zip":4092,"latitude":43.674505,"longitude":-70.339259,"phone_number_service":"8884504818","phone_number_main":"2078543200","service_hours":"Mo-Fr 07:30 - 17:30","utc_offset":"-240","gplace_id":null,"gplace_url":"https://maps.google.com/?cid=17798269982551266703","dealerID":65928,"trusted":false,"image_id":"v1597283982/bmw_RM.png","phone":"8884504818","cityStateSlug":"westbrook.me","slug":"Westbrook.ME/bmw+of+westbrook","location":"43.674505,-70.339259","brandsList":["bmw"]},{"id":12653,"crm_id":67043584,"name":"Rowe Hyundai Westbrook","dealerSlug":"rowe+hyundai+westbrook","city_state_slug":"Westbrook.ME","brand":"Hyundai","website":"www.rowehyundai.com","address":"91 Main Street","city":"Westbrook","state":"ME","zip":4092,"latitude":43.6792822,"longitude":-70.3324083,"phone_number_service":"8664278123","phone_number_main":"8008727693","service_hours":"Mo-Fr 07:00 - 18:00 | Sa 08:00 - 17:00","utc_offset":"-240","gplace_id":null,"gplace_url":"https://maps.google.com/?cid=5927835893009870516","dealerID":65929,"trusted":false,"image_id":"v1597283959/hyundai_RM.png","phone":"8664278123","cityStateSlug":"westbrook.me","slug":"Westbrook.ME/rowe+hyundai+westbrook","location":"43.6792822,-70.3324083","brandsList":["hyundai"]},{"id":12651,"crm_id":67043593,"name":"Rowe Ford Westbrook","dealerSlug":"rowe+ford+westbrook","city_state_slug":"Westbrook.ME","brand":"Ford","website":"www.rowefordwestbrook.com/","address":"91 Main St","city":"Westbrook","state":"ME","zip":4092,"latitude":43.6783607,"longitude":-70.333329,"phone_number_service":"8667583445","phone_number_main":"8008727693","service_hours":"Mo-Fr 07:00 - 18:00 | Sa 08:00 - 17:00","utc_offset":"-240","gplace_id":null,"gplace_url":"https://maps.google.com/?cid=6258554467352180664","dealerID":65931,"trusted":false,"image_id":"v1597283967/ford_RM.png","phone":"8667583445","cityStateSlug":"westbrook.me","slug":"Westbrook.ME/rowe+ford+westbrook","location":"43.6783607,-70.333329","brandsList":["ford"]},{"id":2644,"crm_id":67043599,"name":"Casco Bay Ford","dealerSlug":"casco+bay+ford","city_state_slug":"Yarmouth.ME","brand":"Ford","website":"www.cascobayford.com","address":"1213 US-1","city":"Yarmouth","state":"ME","zip":4096,"latitude":43.810266,"longitude":-70.158876,"phone_number_service":"2078465577","phone_number_main":"8002951505","service_hours":"Mo-Fr 07:00 - 17:00 | Sa 08:00 - 17:00","utc_offset":"-240","gplace_id":null,"gplace_url":"https://maps.google.com/?cid=15567228732273883807","dealerID":65933,"trusted":false,"image_id":"v1597283967/ford_RM.png","phone":"2078465577","cityStateSlug":"yarmouth.me","slug":"Yarmouth.ME/casco+bay+ford","location":"43.810266,-70.158876","brandsList":["ford"]},{"id":15693,"crm_id":67043617,"name":"Yankee Ford","dealerSlug":"yankee+ford","city_state_slug":"South-Portland.ME","brand":"Ford","website":"www.yankeeford.com","address":"165 Waterman Dr","city":"South Portland","state":"ME","zip":4106,"latitude":43.6370368,"longitude":-70.2573988,"phone_number_service":"2077471865","phone_number_main":"2077995591","service_hours":"Mo-Fr 07:30 - 17:30 | Sa 08:00-17:00","utc_offset":"-240","gplace_id":null,"gplace_url":"https://maps.google.com/?cid=9617695661380213619","dealerID":65938,"trusted":false,"image_id":"v1597283967/ford_RM.png","phone":"2077471865","cityStateSlug":"south-portland.me","slug":"South-Portland.ME/yankee+ford","location":"43.6370368,-70.2573988","brandsList":["ford"]},{"id":11152,"crm_id":67043623,"name":"Pape Subaru","dealerSlug":"pape+subaru","city_state_slug":"South-Portland.ME","brand":"Subaru","website":"www.papesubaru.com","address":"2065 W Broadway","city":"South Portland","state":"ME","zip":4106,"latitude":43.6275061,"longitude":-70.3211154,"phone_number_service":"2077756222","phone_number_main":"2077756222","service_hours":"Mo-Fr 07:00 - 17:00 | Sa 08:00 - 14:00","utc_offset":"-240","gplace_id":null,"gplace_url":"https://maps.google.com/?cid=18065845487551976689","dealerID":65940,"trusted":false,"image_id":"v1597283982/subaru_ms.png","phone":"2077756222","cityStateSlug":"south-portland.me","slug":"South-Portland.ME/pape+subaru","location":"43.6275061,-70.3211154","brandsList":["subaru"]},{"id":1319,"crm_id":67043629,"name":"Berlin City Nissan of Portland","dealerSlug":"berlin+city+nissan+of+portland","city_state_slug":"South-Portland.ME","brand":"Nissan","website":"www.berlincitynissanme.com","address":"227 Maine Mall Rd","city":"South Portland","state":"ME","zip":4106,"latitude":43.6390473,"longitude":-70.3354952,"phone_number_service":"2075187616","phone_number_main":"2076189696","service_hours":"Mo-Th 07:30 - 18:00 | Fr 07:30 - 17:30 | Sa 08:00 - 16:00","utc_offset":"-240","gplace_id":null,"gplace_url":"https://maps.google.com/?cid=334684722585772385","dealerID":65941,"trusted":false,"image_id":"v1597283926/nissan_RM.png","phone":"2075187616","cityStateSlug":"south-portland.me","slug":"South-Portland.ME/berlin+city+nissan+of+portland","location":"43.6390473,-70.3354952","brandsList":["nissan"]},{"id":12650,"crm_id":67043644,"name":"Rowe Ford Auburn","dealerSlug":"rowe+ford+auburn","city_state_slug":"Auburn.ME","brand":"Ford","website":"www.rowefordauburn.com","address":"699 Center St","city":"Auburn","state":"ME","zip":4210,"latitude":44.1261733,"longitude":-70.2239889,"phone_number_service":"8885312148","phone_number_main":"2077842321","service_hours":"Mo-Fr 07:00 - 18:00 | Sa 08:00 - 16:00","utc_offset":"-240","gplace_id":null,"gplace_url":"https://maps.google.com/?cid=9138503533361297040","dealerID":65945,"trusted":false,"image_id":"v1597283967/ford_RM.png","phone":"8885312148","cityStateSlug":"auburn.me","slug":"Auburn.ME/rowe+ford+auburn","location":"44.1261733,-70.2239889","brandsList":["ford"]},{"id":8540,"crm_id":67043650,"name":"Lee Chrysler Jeep Dodge","dealerSlug":"lee+chrysler+jeep+dodge","city_state_slug":"Auburn.ME","brand":"Chrysler,Dodge,Jeep,RAM","website":"www.leechryslerjeepdodge.com","address":"777 Center St","city":"Auburn","state":"ME","zip":4210,"latitude":44.1288127,"longitude":-70.2263365,"phone_number_service":"8445006720","phone_number_main":"2077832291","service_hours":"Mo-Fr 07:30 - 17:00","utc_offset":"-240","gplace_id":null,"gplace_url":"https://maps.google.com/?cid=60741673678988079","dealerID":65947,"trusted":false,"image_id":"v1597283975/chrysler_RM.png","phone":"8445006720","cityStateSlug":"auburn.me","slug":"Auburn.ME/lee+chrysler+jeep+dodge","location":"44.1288127,-70.2263365","brandsList":["chrysler","dodge","jeep","ram"]},{"id":8557,"crm_id":67043659,"name":"Lee Nissan Auburn","dealerSlug":"lee+nissan+auburn","city_state_slug":"Auburn.ME","brand":"Nissan","website":"www.leenissanauburn.com","address":"793 Center St","city":"Auburn","state":"ME","zip":4210,"latitude":44.1293156,"longitude":-70.2238934,"phone_number_service":"8886877164","phone_number_main":"2077845441","service_hours":"Mo-Fr 07:30 - 17:00 | Sa 08:00 - 12:00","utc_offset":"-240","gplace_id":null,"gplace_url":"https://maps.google.com/?cid=7288075009709632927","dealerID":65950,"trusted":false,"image_id":"v1597283926/nissan_RM.png","phone":"8886877164","cityStateSlug":"auburn.me","slug":"Auburn.ME/lee+nissan+auburn","location":"44.1293156,-70.2238934","brandsList":["nissan"]},{"id":8545,"crm_id":67043665,"name":"Lee Honda in Auburn","dealerSlug":"lee+honda+in+auburn","city_state_slug":"Auburn.ME","brand":"Honda","website":"www.leehonda.com","address":"809 Center St","city":"Auburn","state":"ME","zip":4210,"latitude":44.1299916,"longitude":-70.2238792,"phone_number_service":"8883965561","phone_number_main":"2072412228","service_hours":"Mo-Fr 07:00 - 17:00 | Sa 08:00 - 12:00","utc_offset":"-240","gplace_id":null,"gplace_url":"https://maps.google.com/?cid=3335235549606468366","dealerID":65952,"trusted":false,"image_id":"v1597284047/honda_ms.png","phone":"8883965561","cityStateSlug":"auburn.me","slug":"Auburn.ME/lee+honda+in+auburn","location":"44.1299916,-70.2238792","brandsList":["honda"]},{"id":4521,"crm_id":67043674,"name":"Emerson Chevrolet Buick","dealerSlug":"emerson+chevrolet+buick","city_state_slug":"Auburn.ME","brand":"Buick,Chevrolet","website":"www.emersonchevy.com","address":"946 Center Street Route 4","city":"Auburn","state":"ME","zip":4210,"latitude":44.13446,"longitude":-70.2264952,"phone_number_service":"8772880081","phone_number_main":"8772880081","service_hours":"Mo-Fr 07:30 - 17:15","utc_offset":"-240","gplace_id":null,"gplace_url":"https://maps.google.com/?cid=8874655491517561596","dealerID":65955,"trusted":false,"image_id":"v1597283981/buick_RM.png","phone":"8772880081","cityStateSlug":"auburn.me","slug":"Auburn.ME/emerson+chevrolet+buick","location":"44.13446,-70.2264952","brandsList":["buick","chevrolet"]},{"id":4523,"crm_id":67043680,"name":"Emerson Toyota","dealerSlug":"emerson+toyota","city_state_slug":"Auburn.ME","brand":"Toyota","website":"www.emersontoyota.com","address":"990 Center St","city":"Auburn","state":"ME","zip":4210,"latitude":44.1358333,"longitude":-70.2263889,"phone_number_service":"8884951876","phone_number_main":"8885373790","service_hours":"Mo-Tu 07:30 - 17:00 | We 07:30 - 18:00 | Th-Fr 07:30 - 17:00 | Sa 08:00 - 15:00","utc_offset":"-240","gplace_id":null,"gplace_url":"https://maps.google.com/?cid=4204287812251660142","dealerID":65957,"trusted":false,"image_id":"v1597284039/toyota_ms.png","phone":"8884951876","cityStateSlug":"auburn.me","slug":"Auburn.ME/emerson+toyota","location":"44.1358333,-70.2263889","brandsList":["toyota"]},{"id":971,"crm_id":67043686,"name":"Bailey Brothers Ford","dealerSlug":"bailey+brothers+ford","city_state_slug":"Livermore-Falls.ME","brand":"Ford","website":"www.baileybrosford.com","address":"12 Park St","city":"Livermore Falls","state":"ME","zip":4254,"latitude":44.4726398,"longitude":-70.1846634,"phone_number_service":"8779837444","phone_number_main":"2078973965","service_hours":"Mo-Fr 07:30 - 17:00","utc_offset":"-240","gplace_id":null,"gplace_url":"https://maps.google.com/?cid=17271709139766251155","dealerID":65959,"trusted":false,"image_id":"v1597283967/ford_RM.png","phone":"8779837444","cityStateSlug":"livermore-falls.me","slug":"Livermore-Falls.ME/bailey+brothers+ford","location":"44.4726398,-70.1846634","brandsList":["ford"]},{"id":5671,"crm_id":67043692,"name":"Goodwin Chevrolet Oxford","dealerSlug":"goodwin+chevrolet+oxford","city_state_slug":"Oxford.ME","brand":"Ford","website":"www.goodwinchevy.com","address":"1606 Main St","city":"Oxford","state":"ME","zip":4270,"latitude":44.1958199,"longitude":-70.5264564,"phone_number_service":"8778494839","phone_number_main":"2077438944","service_hours":"Mo-Fr 07:30 - 17:00 | Sa 08:00 - 12:00","utc_offset":"-240","gplace_id":null,"gplace_url":"https://maps.google.com/?cid=15322373402259950950","dealerID":65961,"trusted":false,"image_id":"v1597283967/ford_RM.png","phone":"8778494839","cityStateSlug":"oxford.me","slug":"Oxford.ME/goodwin+chevrolet+oxford","location":"44.1958199,-70.5264564","brandsList":["ford"]},{"id":10922,"crm_id":67043707,"name":"O'Connor Volkswagen","dealerSlug":"oconnor+volkswagen","city_state_slug":"Augusta.ME","brand":"Volkswagen","website":"oconnorvw.com","address":"188 Riverside Dr","city":"Augusta","state":"ME","zip":4330,"latitude":44.3290999,"longitude":-69.7637,"phone_number_service":"8669803853","phone_number_main":"2076226336","service_hours":"Mo-Fr 08:00 - 17:00 | Sa 08:00 - 12:00","utc_offset":"-240","gplace_id":null,"gplace_url":"https://maps.google.com/?cid=3665628924693646135","dealerID":65964,"trusted":false,"image_id":"v1597283902/volkswagen.png","phone":"8669803853","cityStateSlug":"augusta.me","slug":"Augusta.ME/oconnor+volkswagen","location":"44.3290999,-69.7637","brandsList":["volkswagen"]},{"id":2830,"crm_id":67043722,"name":"Charlie's Honda","dealerSlug":"charlies+honda","city_state_slug":"Augusta.ME","brand":"Honda","website":"www.charlieshonda.com","address":"448 Western Ave","city":"Augusta","state":"ME","zip":4330,"latitude":44.318634,"longitude":-69.820921,"phone_number_service":"2072132708","phone_number_main":"2076224776","service_hours":"Mo-Fr 07:30 - 17:00 | Sa 08:00 - 12:00","utc_offset":"-240","gplace_id":null,"gplace_url":"https://maps.google.com/?cid=17656841733187811129","dealerID":65968,"trusted":false,"image_id":"v1597284047/honda_ms.png","phone":"2072132708","cityStateSlug":"augusta.me","slug":"Augusta.ME/charlies+honda","location":"44.318634,-69.820921","brandsList":["honda"]},{"id":2835,"crm_id":67043731,"name":"Charlie's Toyota","dealerSlug":"charlies+toyota","city_state_slug":"Augusta.ME","brand":"Toyota","website":"www.charliestoyota.com","address":"451 Western Ave","city":"Augusta","state":"ME","zip":4330,"latitude":44.3204284,"longitude":-69.820878,"phone_number_service":"2072132706","phone_number_main":"2076224748","service_hours":"Mo-Fr 07:30 - 17:00 | Sa 08:00 - 12:00","utc_offset":"-240","gplace_id":null,"gplace_url":"https://maps.google.com/?cid=11877259023830989934","dealerID":65971,"trusted":false,"image_id":"v1597284039/toyota_ms.png","phone":"2072132706","cityStateSlug":"augusta.me","slug":"Augusta.ME/charlies+toyota","location":"44.3204284,-69.820878","brandsList":["toyota"]},{"id":2831,"crm_id":67043737,"name":"Charlie's Jeep","dealerSlug":"charlies+jeep","city_state_slug":"Augusta.ME","brand":"Jeep","website":"www.charliesjeep.net","address":"465 Western Ave","city":"Augusta","state":"ME","zip":4330,"latitude":44.3205988,"longitude":-69.8223578,"phone_number_service":"2074208863","phone_number_main":"2076227327","service_hours":"Mo-Sa 08:00 - 17:00","utc_offset":"-240","gplace_id":null,"gplace_url":"https://maps.google.com/?cid=9331149787247353405","dealerID":65973,"trusted":false,"image_id":"v1597284085/jeep_ms.png","phone":"2074208863","cityStateSlug":"augusta.me","slug":"Augusta.ME/charlies+jeep","location":"44.3205988,-69.8223578","brandsList":["jeep"]},{"id":2834,"crm_id":67043743,"name":"Charlie's Subaru","dealerSlug":"charlies+subaru","city_state_slug":"Augusta.ME","brand":"Subaru","website":"www.charliessubaru.com","address":"466 Western Ave","city":"Augusta","state":"ME","zip":4330,"latitude":44.31928,"longitude":-69.822932,"phone_number_service":"2072132704","phone_number_main":"2072132700","service_hours":"Mo-Fr 07:30 - 17:00 | Sa 08:00 - 12:00","utc_offset":"-240","gplace_id":null,"gplace_url":"https://maps.google.com/?cid=9415506434387600638","dealerID":65975,"trusted":false,"image_id":"v1597283982/subaru_ms.png","phone":"2072132704","cityStateSlug":"augusta.me","slug":"Augusta.ME/charlies+subaru","location":"44.31928,-69.822932","brandsList":["subaru"]},{"id":12003,"crm_id":67043755,"name":"Quirk Ford of Augusta","dealerSlug":"quirk+ford+of+augusta","city_state_slug":"Hallowell.ME","brand":"Ford","website":"www.quirkfordofaugusta.com","address":"7 Water St","city":"Hallowell","state":"ME","zip":4347,"latitude":44.2957845,"longitude":-69.785648,"phone_number_service":"2075601372","phone_number_main":"2074301600","service_hours":"Mo-Fr 07:30 - 16:30 | Sa 08:00 - 12:00","utc_offset":"-240","gplace_id":null,"gplace_url":"https://maps.google.com/?cid=9936995327152979237","dealerID":65978,"trusted":false,"image_id":"v1597283967/ford_RM.png","phone":"2075601372","cityStateSlug":"hallowell.me","slug":"Hallowell.ME/quirk+ford+of+augusta","location":"44.2957845,-69.785648","brandsList":["ford"]},{"id":15469,"crm_id":67043785,"name":"Whited Ford","dealerSlug":"whited+ford","city_state_slug":"Bangor.ME","brand":"Ford","website":"www.whitedford.com","address":"207 Perry Rd","city":"Bangor","state":"ME","zip":4401,"latitude":44.785203,"longitude":-68.798,"phone_number_service":"2079473673","phone_number_main":"2079473673","service_hours":"","utc_offset":"-240","gplace_id":null,"gplace_url":"https://maps.google.com/?cid=10900019260570169495","dealerID":65982,"trusted":false,"image_id":"v1597283967/ford_RM.png","phone":"2079473673","cityStateSlug":"bangor.me","slug":"Bangor.ME/whited+ford","location":"44.785203,-68.798","brandsList":["ford"]},{"id":14875,"crm_id":67043791,"name":"Varney Buick GMC","dealerSlug":"varney+buick+gmc","city_state_slug":"Bangor.ME","brand":"Buick,GMC","website":"www.varneybpg.com","address":"260 Hogan Rd","city":"Bangor","state":"ME","zip":4401,"latitude":44.823249,"longitude":-68.740639,"phone_number_service":"8772780118","phone_number_main":"8662404451","service_hours":"Mo-Fr 07:30 - 17:30 |Sa 08:00 - 17:00","utc_offset":"-240","gplace_id":null,"gplace_url":"https://maps.google.com/?cid=5133940039764947505","dealerID":65984,"trusted":false,"image_id":"v1597283981/buick_RM.png","phone":"8772780118","cityStateSlug":"bangor.me","slug":"Bangor.ME/varney+buick+gmc","location":"44.823249,-68.740639","brandsList":["buick","gmc"]},{"id":4218,"crm_id":67043809,"name":"Downeast Toyota","dealerSlug":"downeast+toyota","city_state_slug":"Brewer.ME","brand":"Toyota","website":"www.downeasttoyota.com","address":"652 Wilson St","city":"Brewer","state":"ME","zip":4412,"latitude":44.7774656,"longitude":-68.7340504,"phone_number_service":"2075737535","phone_number_main":"8666209023","service_hours":"Mo-Fr 07:00 - 17:30 | Sa 07:00 - 16:00","utc_offset":"-240","gplace_id":null,"gplace_url":"https://maps.google.com/?cid=9887039842007399984","dealerID":65988,"trusted":false,"image_id":"v1597284039/toyota_ms.png","phone":"2075737535","cityStateSlug":"brewer.me","slug":"Brewer.ME/downeast+toyota","location":"44.7774656,-68.7340504","brandsList":["toyota"]},{"id":14229,"crm_id":67043818,"name":"Thornton Brothers","dealerSlug":"thornton+brothers","city_state_slug":"Lincoln.ME","brand":"Chrysler,Dodge,Jeep,RAM","website":"www.thorntonbrothers.net","address":"125 Main St","city":"Lincoln","state":"ME","zip":4457,"latitude":45.367909,"longitude":-68.502675,"phone_number_service":"8442968593","phone_number_main":"2077948860","service_hours":"Mo-Fr 07:30 - 17:00 | Sa 07:30 - 12:00","utc_offset":"-240","gplace_id":null,"gplace_url":"https://maps.google.com/?cid=11768801196682569071","dealerID":65989,"trusted":false,"image_id":"v1597283975/chrysler_RM.png","phone":"8442968593","cityStateSlug":"lincoln.me","slug":"Lincoln.ME/thornton+brothers","location":"45.367909,-68.502675","brandsList":["chrysler","dodge","jeep","ram"]},{"id":3060,"crm_id":67043824,"name":"Clay GMC Chevrolet of Lincoln","dealerSlug":"clay+gmc+chevrolet+of+lincoln","city_state_slug":"Lincoln.ME","brand":"Chevrolet,GMC","website":"www.claygmcchevrolet.com","address":"470 Main St","city":"Lincoln","state":"ME","zip":4457,"latitude":45.3912111,"longitude":-68.4939439,"phone_number_service":"8774657041","phone_number_main":"8002866191","service_hours":"Mo-Fr 07:00 - 16:30 | Sa -Su Closed","utc_offset":"-240","gplace_id":null,"gplace_url":"https://maps.google.com/?cid=11271579482764406178","dealerID":65991,"trusted":false,"image_id":"v1597284079/chevy_ms.png","phone":"8774657041","cityStateSlug":"lincoln.me","slug":"Lincoln.ME/clay+gmc+chevrolet+of+lincoln","location":"45.3912111,-68.4939439","brandsList":["chevrolet","gmc"]},{"id":11371,"crm_id":67043830,"name":"Pelletier Ford of Lincoln","dealerSlug":"pelletier+ford+of+lincoln","city_state_slug":"Lincoln.ME","brand":"Ford,Lincoln","website":"www.pelletierfordoflincoln.com","address":"74 Main St","city":"Lincoln","state":"ME","zip":4457,"latitude":45.3647142,"longitude":-68.5039506,"phone_number_service":"8558757840","phone_number_main":"2077946522","service_hours":"Mo-Fr 07:30 - 17:00","utc_offset":"-240","gplace_id":null,"gplace_url":"https://maps.google.com/?cid=10700971316733733099","dealerID":65993,"trusted":false,"image_id":"v1597283967/ford_RM.png","phone":"8558757840","cityStateSlug":"lincoln.me","slug":"Lincoln.ME/pelletier+ford+of+lincoln","location":"45.3647142,-68.5039506","brandsList":["ford","lincoln"]},{"id":10655,"crm_id":67043839,"name":"Newcastle Chrysler Dodge Jeep RAM Viper","dealerSlug":"newcastle+chrysler+dodge+jeep+ram+viper","city_state_slug":"New-Castle.ME","brand":"Chrysler,Dodge,Jeep,RAM","website":"www.newcastlechrysler.com","address":"573 Route 1","city":"New Castle","state":"ME","zip":4553,"latitude":44.026977,"longitude":-69.561033,"phone_number_service":"2075638138","phone_number_main":"2075638138","service_hours":"Mo-Fr 08:00 - 17:00","utc_offset":"-240","gplace_id":null,"gplace_url":"https://maps.google.com/?cid=2684285923122256683","dealerID":65996,"trusted":false,"image_id":"v1597283975/chrysler_RM.png","phone":"2075638138","cityStateSlug":"new-castle.me","slug":"New-Castle.ME/newcastle+chrysler+dodge+jeep+ram+viper","location":"44.026977,-69.561033","brandsList":["chrysler","dodge","jeep","ram"]},{"id":15583,"crm_id":67043845,"name":"Wiscasset Ford","dealerSlug":"wiscasset+ford","city_state_slug":"Wiscasset.ME","brand":"Ford","website":"www.wiscassetford.com","address":"378 Bath Rd","city":"Wiscasset","state":"ME","zip":4578,"latitude":43.9884808,"longitude":-69.6938081,"phone_number_service":"2078829431","phone_number_main":"2078829431","service_hours":"Mo-Sa 07:00 - 17:00","utc_offset":"-240","gplace_id":null,"gplace_url":"https://maps.google.com/?cid=13397972099263540777","dealerID":65998,"trusted":false,"image_id":"v1597283967/ford_RM.png","phone":"2078829431","cityStateSlug":"wiscasset.me","slug":"Wiscasset.ME/wiscasset+ford","location":"43.9884808,-69.6938081","brandsList":["ford"]},{"id":3733,"crm_id":67043851,"name":"Darling's Chevrolet","dealerSlug":"darlings+chevrolet","city_state_slug":"Ellsworth.ME","brand":"Chevrolet","website":"www.darlingschevy.com","address":"121 Downeast Hwy","city":"Ellsworth","state":"ME","zip":4605,"latitude":44.5279671,"longitude":-68.3944495,"phone_number_service":"8773665972","phone_number_main":"8665752434","service_hours":"Mo-Fr 07:00 - 17:00","utc_offset":"-240","gplace_id":null,"gplace_url":"https://maps.google.com/?cid=13327989215153121768","dealerID":66000,"trusted":false,"image_id":"v1597284079/chevy_ms.png","phone":"8773665972","cityStateSlug":"ellsworth.me","slug":"Ellsworth.ME/darlings+chevrolet","location":"44.5279671,-68.3944495","brandsList":["chevrolet"]},{"id":3732,"crm_id":67043857,"name":"Darling's Auto Mall","dealerSlug":"darlings+auto+mall","city_state_slug":"Ellsworth.ME","brand":"Chrysler,Dodge,Jeep,RAM","website":"www.darlingsautomall.net","address":"16 Kingsland Xing","city":"Ellsworth","state":"ME","zip":4605,"latitude":44.5227733,"longitude":-68.400862,"phone_number_service":"8777641269","phone_number_main":"8775481819","service_hours":"Mo-Fr 07:15 - 17:00 | Sa 07:15 - 17:00","utc_offset":"-240","gplace_id":null,"gplace_url":"https://maps.google.com/?cid=8436179094864035986","dealerID":66002,"trusted":false,"image_id":"v1597283975/chrysler_RM.png","phone":"8777641269","cityStateSlug":"ellsworth.me","slug":"Ellsworth.ME/darlings+auto+mall","location":"44.5227733,-68.400862","brandsList":["chrysler","dodge","jeep","ram"]},{"id":3736,"crm_id":67043863,"name":"Darlings Auto Mall","dealerSlug":"darlings+auto+mall","city_state_slug":"Ellsworth.ME","brand":"Buick,GMC","website":"www.darlingsbuickgmc.com","address":"16 Kingsland Crossing","city":"Ellsworth","state":"ME","zip":4605,"latitude":44.5227168,"longitude":-68.3984659,"phone_number_service":"8774459876","phone_number_main":"8775481819","service_hours":"Mo-Fr 08:00 - 18:00 | Sa 08:00 - 17:00","utc_offset":"-240","gplace_id":null,"gplace_url":"https://maps.google.com/?cid=8436179094864035986","dealerID":66004,"trusted":false,"image_id":"v1597283981/buick_RM.png","phone":"8774459876","cityStateSlug":"ellsworth.me","slug":"Ellsworth.ME/darlings+auto+mall","location":"44.5227168,-68.3984659","brandsList":["buick","gmc"]},{"id":13547,"crm_id":67043869,"name":"Stanley Subaru","dealerSlug":"stanley+subaru","city_state_slug":"Ellsworth.ME","brand":"Subaru","website":"www.stanleysubaru.com","address":"22 Bar Harbor Road","city":"Ellsworth","state":"ME","zip":4605,"latitude":44.50893,"longitude":-68.3896056,"phone_number_service":"8667094461","phone_number_main":"2076674641","service_hours":"Mo-Fr 07:00 - 17:00 | Sa 08:00 - 17:00","utc_offset":"-240","gplace_id":null,"gplace_url":"https://maps.google.com/?cid=8012378770141188384","dealerID":66005,"trusted":false,"image_id":"v1597283982/subaru_ms.png","phone":"8667094461","cityStateSlug":"ellsworth.me","slug":"Ellsworth.ME/stanley+subaru","location":"44.50893,-68.3896056","brandsList":["subaru"]},{"id":5323,"crm_id":67043905,"name":"Gagnon's Auto & RV Sales","dealerSlug":"gagnons+auto+and+rv+sales","city_state_slug":"Caribou.ME","brand":"Buick,GMC","website":"www.gagnonsautoandrv.com","address":"500 Main Street","city":"Caribou","state":"ME","zip":4736,"latitude":46.846258,"longitude":-68.0114572,"phone_number_service":"8664853411","phone_number_main":"2074933358","service_hours":"Mo-Fr 07:00 - 17:00","utc_offset":"-240","gplace_id":null,"gplace_url":"https://maps.google.com/?cid=9095004168922042861","dealerID":66011,"trusted":false,"image_id":"v1597283981/buick_RM.png","phone":"8664853411","cityStateSlug":"caribou.me","slug":"Caribou.ME/gagnons+auto+and+rv+sales","location":"46.846258,-68.0114572","brandsList":["buick","gmc"]},{"id":11370,"crm_id":67043911,"name":"Pelletier Ford","dealerSlug":"pelletier+ford","city_state_slug":"Fort-Kent.ME","brand":"Ford","website":"www.pelletierford.com","address":"213 E Main St","city":"Fort Kent","state":"ME","zip":4743,"latitude":47.2667584,"longitude":-68.59084,"phone_number_service":"8884067434","phone_number_main":"8883796128","service_hours":"Mo-Fr 07:00 - 17:00","utc_offset":"-240","gplace_id":null,"gplace_url":"https://maps.google.com/?cid=7531751610755826537","dealerID":66013,"trusted":false,"image_id":"v1597283967/ford_RM.png","phone":"8884067434","cityStateSlug":"fort-kent.me","slug":"Fort-Kent.ME/pelletier+ford","location":"47.2667584,-68.59084","brandsList":["ford"]},{"id":14814,"crm_id":67043917,"name":"Valley Motors","dealerSlug":"valley+motors","city_state_slug":"Fort-Kent.ME","brand":"Buick,Chevrolet,GMC","website":"www.valleymotorsgm.com","address":"82 W Main St","city":"Fort Kent","state":"ME","zip":4743,"latitude":47.2499604,"longitude":-68.5968196,"phone_number_service":"8776642293","phone_number_main":"8884448704","service_hours":"Mo-Fr 07:00 - 17:00","utc_offset":"-240","gplace_id":null,"gplace_url":"https://maps.google.com/?cid=9419924264876237412","dealerID":66015,"trusted":false,"image_id":"v1597283981/buick_RM.png","phone":"8776642293","cityStateSlug":"fort-kent.me","slug":"Fort-Kent.ME/valley+motors","location":"47.2499604,-68.5968196","brandsList":["buick","chevrolet","gmc"]},{"id":11399,"crm_id":67043926,"name":"Percy's Auto Sales","dealerSlug":"percys+auto+sales","city_state_slug":"Presque-Isle.ME","brand":"Chrysler,Dodge,Jeep,RAM","website":"www.percysauto.com","address":"40 Houlton Rd","city":"Presque Isle","state":"ME","zip":4769,"latitude":46.6583065,"longitude":-68.0066549,"phone_number_service":"8445383825","phone_number_main":"2077644493","service_hours":"Mo-Fr 07:00 - 17:00","utc_offset":"-240","gplace_id":null,"gplace_url":"https://maps.google.com/?cid=17495635955153289482","dealerID":66018,"trusted":false,"image_id":"v1597283975/chrysler_RM.png","phone":"8445383825","cityStateSlug":"presque-isle.me","slug":"Presque-Isle.ME/percys+auto+sales","location":"46.6583065,-68.0066549","brandsList":["chrysler","dodge","jeep","ram"]},{"id":5286,"crm_id":67043932,"name":"Fuller Chevrolet-GMC Truck","dealerSlug":"fuller+chevrolet+gmc+truck","city_state_slug":"Rockland.ME","brand":"Chevrolet,GMC","website":"www.fullerautomall.com","address":"179 Camden St","city":"Rockland","state":"ME","zip":4841,"latitude":44.1213192,"longitude":-69.0998758,"phone_number_service":"8665934755","phone_number_main":"8664279513","service_hours":"Mo-Fr 07:30 - 17:30","utc_offset":"-240","gplace_id":null,"gplace_url":"https://maps.google.com/?cid=2814890873685931423","dealerID":66020,"trusted":false,"image_id":"v1597284079/chevy_ms.png","phone":"8665934755","cityStateSlug":"rockland.me","slug":"Rockland.ME/fuller+chevrolet+gmc+truck","location":"44.1213192,-69.0998758","brandsList":["chevrolet","gmc"]},{"id":2727,"crm_id":67043941,"name":"Central Maine Toyota","dealerSlug":"central+maine+toyota","city_state_slug":"Waterville.ME","brand":"Toyota","website":"www.cmtoy.com","address":"15 Airport Rd","city":"Waterville","state":"ME","zip":4901,"latitude":44.542291,"longitude":-69.674951,"phone_number_service":"2074050418","phone_number_main":"2078725444","service_hours":"Mo-Fr 07:00 - 18:00 | Sa 08:00 - 16:00","utc_offset":"-240","gplace_id":null,"gplace_url":"https://maps.google.com/?cid=9150175320507790828","dealerID":66023,"trusted":false,"image_id":"v1597284039/toyota_ms.png","phone":"2074050418","cityStateSlug":"waterville.me","slug":"Waterville.ME/central+maine+toyota","location":"44.542291,-69.674951","brandsList":["toyota"]},{"id":2726,"crm_id":67043947,"name":"Central Maine Chrysler Dodge Jeep RAM FIAT","dealerSlug":"central+maine+chrysler+dodge+jeep+ram+fiat","city_state_slug":"Waterville.ME","brand":"Chrysler,Dodge,Jeep,RAM,Fiat","website":"www.centralmainechryslerdodgejeep.com","address":"300 Kennedy Memorial Dr","city":"Waterville","state":"ME","zip":4901,"latitude":44.543531,"longitude":-69.6678005,"phone_number_service":"8444636915","phone_number_main":"2078729211","service_hours":"Mo-Fr 07:00 - 18:00 | Sa 08:00 - 16:00","utc_offset":"-240","gplace_id":null,"gplace_url":"https://maps.google.com/?cid=14335589306000202931","dealerID":66025,"trusted":false,"image_id":"v1597283975/chrysler_RM.png","phone":"8444636915","cityStateSlug":"waterville.me","slug":"Waterville.ME/central+maine+chrysler+dodge+jeep+ram+fiat","location":"44.543531,-69.6678005","brandsList":["chrysler","dodge","jeep","ram","fiat"]},{"id":14213,"crm_id":67043953,"name":"Thompson Audi","dealerSlug":"thompson+audi","city_state_slug":"Waterville.ME","brand":"Audi","website":"www.thompsonaudi.com","address":"347 Main St","city":"Waterville","state":"ME","zip":4901,"latitude":44.5684304,"longitude":-69.6379375,"phone_number_service":"8883986773","phone_number_main":"2078730777","service_hours":"Mo-Fr 08:00 - 17:00 | Sa 08:00 - 12:00","utc_offset":"-240","gplace_id":null,"gplace_url":"https://maps.google.com/?cid=8687043720096703937","dealerID":66027,"trusted":false,"image_id":"v1597283985/audi_RM.png","phone":"8883986773","cityStateSlug":"waterville.me","slug":"Waterville.ME/thompson+audi","location":"44.5684304,-69.6379375","brandsList":["audi"]},{"id":12002,"crm_id":67043962,"name":"Quirk Ford Chrysler Dodge Jeep RAM of Belfast","dealerSlug":"quirk+ford+chrysler+dodge+jeep+ram+of+belfast","city_state_slug":"Belfast.ME","brand":"Ford","website":"www.quirkchryslerdodgejeepofbelfast.com","address":"244 Main St","city":"Belfast","state":"ME","zip":4915,"latitude":44.4239379,"longitude":-69.0168262,"phone_number_service":"​8772937869","phone_number_main":"2073520451","service_hours":"Mo-Fr 07:30 - 17:00 | Sa 08:00 - 12:00","utc_offset":"-240","gplace_id":null,"gplace_url":"https://maps.google.com/?cid=10344189516191403373","dealerID":66029,"trusted":false,"image_id":"v1597283967/ford_RM.png","phone":"8772937869","cityStateSlug":"belfast.me","slug":"Belfast.ME/quirk+ford+chrysler+dodge+jeep+ram+of+belfast","location":"44.4239379,-69.0168262","brandsList":["ford"]},{"id":4277,"crm_id":67043968,"name":"Dutch Chevrolet Buick","dealerSlug":"dutch+chevrolet+buick","city_state_slug":"Belfast.ME","brand":"Buick,Chevrolet","website":"www.dutchchevy.com","address":"6 Belmont Ave","city":"Belfast","state":"ME","zip":4915,"latitude":44.423082,"longitude":-69.02276,"phone_number_service":"8666387343","phone_number_main":"2073381470","service_hours":"Mo-Fr 07:00 - 17:00 | Sa 07:30 - 12:00","utc_offset":"-240","gplace_id":null,"gplace_url":"https://maps.google.com/?cid=13254818452781755529","dealerID":66030,"trusted":false,"image_id":"v1597283981/buick_RM.png","phone":"8666387343","cityStateSlug":"belfast.me","slug":"Belfast.ME/dutch+chevrolet+buick","location":"44.423082,-69.02276","brandsList":["buick","chevrolet"]},{"id":6442,"crm_id":67043974,"name":"Hight Chevrolet Buick GMC","dealerSlug":"hight+chevrolet+buick+gmc","city_state_slug":"Farmington.ME","brand":"Buick,Chevrolet,GMC","website":"www.hightchev.net","address":"437 Wilton Rd","city":"Farmington","state":"ME","zip":4938,"latitude":44.6403836,"longitude":-70.1532193,"phone_number_service":"8662043349","phone_number_main":"8667287909","service_hours":"Mo-Fr 08:00 - 17:00","utc_offset":"-240","gplace_id":null,"gplace_url":"https://maps.google.com/?cid=10438919924064451621","dealerID":66032,"trusted":false,"image_id":"v1597283981/buick_RM.png","phone":"8662043349","cityStateSlug":"farmington.me","slug":"Farmington.ME/hight+chevrolet+buick+gmc","location":"44.6403836,-70.1532193","brandsList":["buick","chevrolet","gmc"]},{"id":5111,"crm_id":67043977,"name":"Franklin Chrysler","dealerSlug":"franklin+chrysler","city_state_slug":"Farmington.ME","brand":"Chrysler,Dodge,Jeep,RAM","website":"www.franklinchrysler.com/","address":"484 Wilton Rd","city":"Farmington","state":"ME","zip":4938,"latitude":44.6371732,"longitude":-70.1526923,"phone_number_service":"8443014698","phone_number_main":"2077789500","service_hours":"Mo-Fr 07:00 - 17:30| Sa 08:00 - 12:00","utc_offset":"-240","gplace_id":null,"gplace_url":"https://maps.google.com/?cid=18065432797970984898","dealerID":66033,"trusted":false,"image_id":"v1597283975/chrysler_RM.png","phone":"8443014698","cityStateSlug":"farmington.me","slug":"Farmington.ME/franklin+chrysler","location":"44.6371732,-70.1526923","brandsList":["chrysler","dodge","jeep","ram"]},{"id":4681,"crm_id":67043983,"name":"Farmington Ford","dealerSlug":"farmington+ford","city_state_slug":"Farmington.ME","brand":"Ford","website":"www.farmingtonfordmaine.com","address":"531 Wilton Rd","city":"Farmington","state":"ME","zip":4938,"latitude":44.6340128,"longitude":-70.1542743,"phone_number_service":"8885992839","phone_number_main":"2077783334","service_hours":"Mo-Fr 07:30 - 17:00","utc_offset":"-240","gplace_id":null,"gplace_url":"https://maps.google.com/?cid=12088531588850322400","dealerID":66035,"trusted":false,"image_id":"v1597283967/ford_RM.png","phone":"8885992839","cityStateSlug":"farmington.me","slug":"Farmington.ME/farmington+ford","location":"44.6340128,-70.1542743","brandsList":["ford"]},{"id":6443,"crm_id":67043992,"name":"Hight Chrysler Dodge Jeep","dealerSlug":"hight+chrysler+dodge+jeep","city_state_slug":"Madison.ME","brand":"Chrysler,Dodge,Jeep,RAM","website":"www.hightchryslerdodgejeep.com","address":"507 Lakewood Rd","city":"Madison","state":"ME","zip":4950,"latitude":44.8153894,"longitude":-69.7638404,"phone_number_service":"2074747171","phone_number_main":"2074747171","service_hours":"Mo-Fr 08:00 - 17:00 | Sa 08:00 - 14:00","utc_offset":"-240","gplace_id":null,"gplace_url":"https://maps.google.com/?cid=5920501211384383802","dealerID":66038,"trusted":false,"image_id":"v1597283975/chrysler_RM.png","phone":"2074747171","cityStateSlug":"madison.me","slug":"Madison.ME/hight+chrysler+dodge+jeep","location":"44.8153894,-69.7638404","brandsList":["chrysler","dodge","jeep","ram"]},{"id":14877,"crm_id":67043998,"name":"Varney Ford","dealerSlug":"varney+ford","city_state_slug":"Newport.ME","brand":"Ford","website":"www.varneyford.net","address":"237 Moosehead Trail","city":"Newport","state":"ME","zip":4953,"latitude":44.8496085,"longitude":-69.2811098,"phone_number_service":"8882404751","phone_number_main":"8884607356","service_hours":"Mo-Fr 07:30 - 17:00 |Sa 08:00 - 12:00","utc_offset":"-240","gplace_id":null,"gplace_url":"https://maps.google.com/?cid=3756609816774482111","dealerID":66040,"trusted":false,"image_id":"v1597283967/ford_RM.png","phone":"8882404751","cityStateSlug":"newport.me","slug":"Newport.ME/varney+ford","location":"44.8496085,-69.2811098","brandsList":["ford"]},{"id":6148,"crm_id":67044004,"name":"Hartley's","dealerSlug":"hartleys","city_state_slug":"Newport.ME","brand":"Chrysler,Dodge,Jeep,RAM","website":"www.hartleyschryslerdodgejeep.com","address":"30 Main St","city":"Newport","state":"ME","zip":4953,"latitude":44.83773,"longitude":-69.286449,"phone_number_service":"2073315699","phone_number_main":"4018462323","service_hours":"Mo-Fr 09:00 - 16:00 | Sa 09:00 -15:00","utc_offset":"-240","gplace_id":null,"gplace_url":"https://maps.google.com/?cid=5049772220989896690","dealerID":66042,"trusted":false,"image_id":"v1597283975/chrysler_RM.png","phone":"2073315699","cityStateSlug":"newport.me","slug":"Newport.ME/hartleys","location":"44.83773,-69.286449","brandsList":["chrysler","dodge","jeep","ram"]},{"id":12125,"crm_id":67044010,"name":"Ray Haskell Ford Lincoln","dealerSlug":"ray+haskell+ford+lincoln","city_state_slug":"Oakland.ME","brand":"Ford,Lincoln","website":"www.rayhaskellford.net","address":"801 Kennedy Memorial Dr","city":"Oakland","state":"ME","zip":4963,"latitude":44.5446929,"longitude":-69.6846145,"phone_number_service":"8777472772","phone_number_main":"2078737193","service_hours":"Mo-Fr 08:00 - 17:00 | Sa 08:00 - 14:00","utc_offset":"-240","gplace_id":null,"gplace_url":"https://maps.google.com/?cid=4194677531515877723","dealerID":66043,"trusted":false,"image_id":"v1597283967/ford_RM.png","phone":"8777472772","cityStateSlug":"oakland.me","slug":"Oakland.ME/ray+haskell+ford+lincoln","location":"44.5446929,-69.6846145","brandsList":["ford","lincoln"]},{"id":14876,"crm_id":67044016,"name":"Varney Chevrolet","dealerSlug":"varney+chevrolet","city_state_slug":"Pittsfield.ME","brand":"Chevrolet","website":"www.varneychevrolet.com","address":"384 Somerset Ave","city":"Pittsfield","state":"ME","zip":4967,"latitude":44.7842434,"longitude":-69.3951362,"phone_number_service":"8772595143","phone_number_main":"8772595143","service_hours":"Mo-Fr  08:00 - 17:00","utc_offset":"-240","gplace_id":null,"gplace_url":"https://maps.google.com/?cid=15606797998622492773","dealerID":66044,"trusted":false,"image_id":"v1597284079/chevy_ms.png","phone":"8772595143","cityStateSlug":"pittsfield.me","slug":"Pittsfield.ME/varney+chevrolet","location":"44.7842434,-69.3951362","brandsList":["chevrolet"]},{"id":6444,"crm_id":67044022,"name":"Hight Ford","dealerSlug":"hight+ford","city_state_slug":"Skowhegan.ME","brand":"Ford","website":"www.hightford.com","address":"242 Madison Ave","city":"Skowhegan","state":"ME","zip":4976,"latitude":44.7780289,"longitude":-69.7257857,"phone_number_service":"8778636640","phone_number_main":"2074743334","service_hours":"Mo-Fr 08:00 - 17:00","utc_offset":"-240","gplace_id":null,"gplace_url":"https://maps.google.com/?cid=16889389280253674877","dealerID":66046,"trusted":false,"image_id":"v1597283967/ford_RM.png","phone":"8778636640","cityStateSlug":"skowhegan.me","slug":"Skowhegan.ME/hight+ford","location":"44.7780289,-69.7257857","brandsList":["ford"]},{"id":3158,"crm_id":67044028,"name":"Cold Brook Mitsubishi","dealerSlug":"cold+brook+mitsubishi","city_state_slug":"Skowhegan.ME","brand":"Mitsubishi","website":"www.coldbrookmitsubishi.com","address":"337 Madison Ave","city":"Skowhegan","state":"ME","zip":4976,"latitude":44.7844228,"longitude":-69.7286513,"phone_number_service":"8777171240","phone_number_main":"8005649881","service_hours":"Mo-Fr 08:00 - 17:00 | Sa 08:00 - 12:00","utc_offset":"-240","gplace_id":null,"gplace_url":"https://maps.google.com/?cid=10602412213317591548","dealerID":66048,"trusted":false,"image_id":"v1597283928/mitsubishi.png","phone":"8777171240","cityStateSlug":"skowhegan.me","slug":"Skowhegan.ME/cold+brook+mitsubishi","location":"44.7844228,-69.7286513","brandsList":["mitsubishi"]},{"id":14842,"crm_id":67054006,"name":"Van Syckle Kia","dealerSlug":"van+syckle+kia","city_state_slug":"Bangor.ME","brand":"Kia","website":"www.vansycklekia.com","address":"729 Hogan Rd","city":"Bangor","state":"ME","zip":4401,"latitude":44.8390897,"longitude":-68.7427325,"phone_number_service":"8555568650","phone_number_main":"8555755445","service_hours":"Mo-Fr 07:00 - 17:30 | Sa 07:00 - 17:00","utc_offset":"-240","gplace_id":null,"gplace_url":"https://maps.google.com/?cid=17307427951713341934","dealerID":68754,"trusted":false,"image_id":"v1597283948/kia_RM.png","phone":"8555568650","cityStateSlug":"bangor.me","slug":"Bangor.ME/van+syckle+kia","location":"44.8390897,-68.7427325","brandsList":["kia"]},{"id":12654,"crm_id":67079626,"name":"Rowe Volkswagen Auburn","dealerSlug":"rowe+volkswagen+auburn","city_state_slug":"Auburn.ME","brand":"Volkswagen","website":"www.rowevwauburn.com","address":"699 Center St","city":"Auburn","state":"ME","zip":4210,"latitude":44.126004,"longitude":-70.223569,"phone_number_service":"8669735249","phone_number_main":"2077860336","service_hours":"Mo-Fr 08:00 - 18:00 | Sa 08:00 - 16:00","utc_offset":"-240","gplace_id":null,"gplace_url":"https://maps.google.com/?cid=11175884997058228482","dealerID":74837,"trusted":false,"image_id":"v1597283902/volkswagen.png","phone":"8669735249","cityStateSlug":"auburn.me","slug":"Auburn.ME/rowe+volkswagen+auburn","location":"44.126004,-70.223569","brandsList":["volkswagen"]},{"id":11900,"crm_id":71671216,"name":"Prime Toyota - Saco","dealerSlug":"prime+toyota+saco","city_state_slug":"Saco.ME","brand":"Toyota","website":"www.primetoyotasaco.com","address":"783 Portland Rd","city":"Saco","state":"ME","zip":4072,"latitude":43.530113,"longitude":-70.4250235,"phone_number_service":"8774567470","phone_number_main":"2075365244","service_hours":"Mo-Th 07:00 - 19:00 | Fr 07:30 - 18:00 | Sa 07:30 - 17:00","utc_offset":"-240","gplace_id":null,"gplace_url":"https://maps.google.com/?cid=7071912833536937735","dealerID":75039,"trusted":false,"image_id":"v1597284039/toyota_ms.png","phone":"8774567470","cityStateSlug":"saco.me","slug":"Saco.ME/prime+toyota+saco","location":"43.530113,-70.4250235","brandsList":["toyota"]},{"id":11289,"crm_id":98066140,"name":"Paul Blouin Mazda","dealerSlug":"paul+blouin+mazda","city_state_slug":"Augusta.ME","brand":"Mazda","website":"www.paulblouinmazda.com","address":"513 Western Ave","city":"Augusta","state":"ME","zip":4330,"latitude":44.3208408,"longitude":-69.8270565,"phone_number_service":"8883391050","phone_number_main":"2076263500","service_hours":"Mo-Fr 08:00 - 18:00","utc_offset":"-240","gplace_id":null,"gplace_url":"https://maps.google.com/?cid=14565431710025780843","dealerID":76439,"trusted":false,"image_id":"v1597283937/mazda.png","phone":"8883391050","cityStateSlug":"augusta.me","slug":"Augusta.ME/paul+blouin+mazda","location":"44.3208408,-69.8270565","brandsList":["mazda"]},{"id":14220,"crm_id":98066362,"name":"Thompson Mazda","dealerSlug":"thompson+mazda","city_state_slug":"Waterville.ME","brand":"Mazda","website":"www.thompsonmazdaofwaterville.com","address":"347 Main St","city":"Waterville","state":"ME","zip":4901,"latitude":44.5683558,"longitude":-69.6381663,"phone_number_service":"2075737049","phone_number_main":"2075737049","service_hours":"Mo-Fr 08:00 - 17:00 | Sa 08:00 - 12:00","utc_offset":"-240","gplace_id":null,"gplace_url":"https://maps.google.com/?cid=15108983134210373513","dealerID":76441,"trusted":false,"image_id":"v1597283937/mazda.png","phone":"2075737049","cityStateSlug":"waterville.me","slug":"Waterville.ME/thompson+mazda","location":"44.5683558,-69.6381663","brandsList":["mazda"]},{"id":5672,"crm_id":98066692,"name":"Goodwin Mazda","dealerSlug":"goodwin+mazda","city_state_slug":"Brunswick.ME","brand":"Mazda","website":"www.goodwinmazda.com","address":"195 Pleasant St","city":"Brunswick","state":"ME","zip":4011,"latitude":43.9113084,"longitude":-69.9931027,"phone_number_service":"8558840574","phone_number_main":"2077291611","service_hours":"Mo-Fr 07:30 - 17:00 | Sa 08:00 - 13:00","utc_offset":"-240","gplace_id":null,"gplace_url":"https://maps.google.com/?cid=1145942611441656103","dealerID":76443,"trusted":false,"image_id":"v1597283937/mazda.png","phone":"8558840574","cityStateSlug":"brunswick.me","slug":"Brunswick.ME/goodwin+mazda","location":"43.9113084,-69.9931027","brandsList":["mazda"]},{"id":14878,"crm_id":98066788,"name":"Varney Mazda","dealerSlug":"varney+mazda","city_state_slug":"Bangor.ME","brand":"Mazda","website":"www.varneymazda.com","address":"260 Hogan Rd","city":"Bangor","state":"ME","zip":4401,"latitude":44.8226262,"longitude":-68.7415265,"phone_number_service":"8447923060","phone_number_main":"2079901200","service_hours":"Mo-Fr 07:30 - 17:00","utc_offset":"-240","gplace_id":null,"gplace_url":"https://maps.google.com/?cid=15197413073865061346","dealerID":76444,"trusted":false,"image_id":"v1597283937/mazda.png","phone":"8447923060","cityStateSlug":"bangor.me","slug":"Bangor.ME/varney+mazda","location":"44.8226262,-68.7415265","brandsList":["mazda"]},{"id":12652,"crm_id":100658176,"name":"Rowe Hyundai Auburn","dealerSlug":"rowe+hyundai+auburn","city_state_slug":"Auburn.ME","brand":"Hyundai","website":"www.rowehyundaiauburn.com","address":"699 Center St","city":"Auburn","state":"ME","zip":4210,"latitude":44.1258591,"longitude":-70.2237197,"phone_number_service":"8773501157","phone_number_main":"8883981567","service_hours":"Mo-Fr  08:00 - 18:00 | Sa 08:00 - 16:00","utc_offset":"-240","gplace_id":null,"gplace_url":"https://maps.google.com/?cid=5329285628164734598","dealerID":76518,"trusted":false,"image_id":"v1597283959/hyundai_RM.png","phone":"8773501157","cityStateSlug":"auburn.me","slug":"Auburn.ME/rowe+hyundai+auburn","location":"44.1258591,-70.2237197","brandsList":["hyundai"]},{"id":3735,"crm_id":100658293,"name":"Darling's Hyundai Augusta","dealerSlug":"darlings+hyundai+augusta","city_state_slug":"Augusta.ME","brand":"Hyundai","website":"www.darlingshyundai.com","address":"439 Western Ave","city":"Augusta","state":"ME","zip":4330,"latitude":44.3201702,"longitude":-69.8193324,"phone_number_service":"8443453003","phone_number_main":"8775680277","service_hours":"Mo-Sa 07:00 - 17:00","utc_offset":"-240","gplace_id":null,"gplace_url":"https://maps.google.com/?cid=11605801603362672118","dealerID":76519,"trusted":false,"image_id":"v1597283959/hyundai_RM.png","phone":"8443453003","cityStateSlug":"augusta.me","slug":"Augusta.ME/darlings+hyundai+augusta","location":"44.3201702,-69.8193324","brandsList":["hyundai"]}]