[{"id":16951,"crm_id":999,"name":"M.J. McGuire Co","dealerSlug":"mj+mcguire+co","city_state_slug":"Rugby.ND","brand":"Chrysler,Dodge,Jeep,RAM","website":"www.mjmcguire.net","address":"520 3rd Ave SW","city":"Rugby","state":"ND","zip":58368,"latitude":48.366684,"longitude":-99.998954,"phone_number_service":"7017765211","phone_number_main":"","service_hours":"Mo-Fr 09:00 - 18:00 | Sa 09:00 - 17:00 | Su Closed","utc_offset":"","gplace_id":0,"gplace_url":"","dealerID":60205,"trusted":false,"image_id":"v1597283975/chrysler_RM.png","phone":"7017765211","cityStateSlug":"rugby.nd","slug":"Rugby.ND/mj+mcguire+co","location":"48.366684,-99.998954","brandsList":["chrysler","dodge","jeep","ram"]},{"id":16950,"crm_id":999,"name":"M J McGuire Company","dealerSlug":"m+j+mcguire+company","city_state_slug":"Rugby.ND","brand":"Ford","website":"www.mjmcguire.com","address":"520 3rd Avenue SW PO Box 109","city":"Rugby","state":"ND","zip":58368,"latitude":48.365034,"longitude":-99.999527,"phone_number_service":"7017765211","phone_number_main":"","service_hours":"Mo-Fr 08:00 - 18:00 | Sa 08:00 - 17:00 | Su Closed","utc_offset":"","gplace_id":0,"gplace_url":"","dealerID":60206,"trusted":false,"image_id":"v1597283967/ford_RM.png","phone":"7017765211","cityStateSlug":"rugby.nd","slug":"Rugby.ND/m+j+mcguire+company","location":"48.365034,-99.999527","brandsList":["ford"]},{"id":16117,"crm_id":999,"name":"Cedric Theel Toyota","dealerSlug":"cedric+theel+toyota","city_state_slug":"Bismarck.ND","brand":"Toyota","website":"www.cedrictheeltoyota.com","address":"3955 Trenton Drive","city":"Bismarck","state":"ND","zip":58503,"latitude":46.833597,"longitude":-100.728641,"phone_number_service":"7163263194","phone_number_main":"7012232190","service_hours":"Mo-Fr 08:00 - 19:00 | Sa 08:00 - 17:00","utc_offset":"","gplace_id":0,"gplace_url":"","dealerID":60235,"trusted":false,"image_id":"v1597284039/toyota_ms.png","phone":"7163263194","cityStateSlug":"bismarck.nd","slug":"Bismarck.ND/cedric+theel+toyota","location":"46.833597,-100.728641","brandsList":["toyota"]},{"id":17459,"crm_id":999,"name":"Ryan Honda","dealerSlug":"ryan+honda","city_state_slug":"Williston.ND","brand":"Honda","website":"www.ryanhonda.net/","address":"1212 2nd St W","city":"Williston","state":"ND","zip":58801,"latitude":48.145252,"longitude":-103.6412,"phone_number_service":"7015771111","phone_number_main":"","service_hours":"Mo-Fr 09:00 - 18:00 | Sa 09:00 - 17:00 | Su Closed","utc_offset":"","gplace_id":0,"gplace_url":"","dealerID":60347,"trusted":false,"image_id":"v1597284047/honda_ms.png","phone":"7015771111","cityStateSlug":"williston.nd","slug":"Williston.ND/ryan+honda","location":"48.145252,-103.6412","brandsList":["honda"]},{"id":16134,"crm_id":999,"name":"Christie Motors","dealerSlug":"christie+motors","city_state_slug":"Langdon.ND","brand":"Ford","website":"www.christiemotors.com","address":"101 9th Avenue E","city":"Langdon","state":"ND","zip":58249,"latitude":48.761848,"longitude":-98.36465,"phone_number_service":"7012562182","phone_number_main":"","service_hours":"Mo-Fr 08:00 - 17:30 | Sa 08:00 - 12:00 | Su Closed","utc_offset":"","gplace_id":0,"gplace_url":"","dealerID":60412,"trusted":false,"image_id":"v1597283967/ford_RM.png","phone":"7012562182","cityStateSlug":"langdon.nd","slug":"Langdon.ND/christie+motors","location":"48.761848,-98.36465","brandsList":["ford"]},{"id":16365,"crm_id":999,"name":"Eide Chrysler Dodge Jeep RAM","dealerSlug":"eide+chrysler+dodge+jeep+ram","city_state_slug":"Bismarck.ND","brand":"Chrysler,Dodge,Jeep,RAM","website":"www.eidechryslerdodge.com","address":"1112 Missouri Ave","city":"Bismarck","state":"ND","zip":58504,"latitude":46.809776,"longitude":-100.808854,"phone_number_service":"7012231170","phone_number_main":"","service_hours":"Mo-Fr 09:00 - 19:00 | Sa 09:00 - 18:00 | Su Closed","utc_offset":"","gplace_id":0,"gplace_url":"","dealerID":60500,"trusted":false,"image_id":"v1597283975/chrysler_RM.png","phone":"7012231170","cityStateSlug":"bismarck.nd","slug":"Bismarck.ND/eide+chrysler+dodge+jeep+ram","location":"46.809776,-100.808854","brandsList":["chrysler","dodge","jeep","ram"]},{"id":16038,"crm_id":999,"name":"Bowman Sales &","dealerSlug":"bowman+sales+and","city_state_slug":"Bowman.ND","brand":"Ford","website":"www.bowmansales.net","address":"12 S Main Street","city":"Bowman","state":"ND","zip":58623,"latitude":46.182189,"longitude":-103.395215,"phone_number_service":"7015233257","phone_number_main":"","service_hours":"Mo-Sa 08:00 - 18:00 | Su Closed","utc_offset":"","gplace_id":0,"gplace_url":"","dealerID":60543,"trusted":false,"image_id":"v1597283967/ford_RM.png","phone":"7015233257","cityStateSlug":"bowman.nd","slug":"Bowman.ND/bowman+sales+and","location":"46.182189,-103.395215","brandsList":["ford"]},{"id":17370,"crm_id":999,"name":"Red Rock Auto of Watford City","dealerSlug":"red+rock+auto+of+watford+city","city_state_slug":"Watford-City.ND","brand":"Chrysler,Dodge,Jeep","website":"www.redrockwatford.com","address":"1212 4th Ave. NE","city":"Watford City","state":"ND","zip":58854,"latitude":47.803311,"longitude":-103.287449,"phone_number_service":"7018424070","phone_number_main":"","service_hours":"Mo-Th 08:00 - 19:00 | Fr 08:00 - 18:00 | Sa 08:00 - 17:00 | Su Closed","utc_offset":"","gplace_id":0,"gplace_url":"","dealerID":60558,"trusted":false,"image_id":"v1597283975/chrysler_RM.png","phone":"7018424070","cityStateSlug":"watford-city.nd","slug":"Watford-City.ND/red+rock+auto+of+watford+city","location":"47.803311,-103.287449","brandsList":["chrysler","dodge","jeep"]},{"id":17541,"crm_id":999,"name":"Soeby Motor Company","dealerSlug":"soeby+motor+company","city_state_slug":"Walhalla.ND","brand":"Ford","website":"www.soebyford.com","address":"12th St & Central  Box 7","city":"Walhalla","state":"ND","zip":58282,"latitude":48.923779,"longitude":-97.91269,"phone_number_service":"7015493711","phone_number_main":"","service_hours":"Mo-Fr 08:00 - 17:30 | Sa 08:00 - 12:00 | Su Closed","utc_offset":"","gplace_id":0,"gplace_url":"","dealerID":60590,"trusted":false,"image_id":"v1597283967/ford_RM.png","phone":"7015493711","cityStateSlug":"walhalla.nd","slug":"Walhalla.ND/soeby+motor+company","location":"48.923779,-97.91269","brandsList":["ford"]},{"id":17309,"crm_id":999,"name":"Prairie Motors","dealerSlug":"prairie+motors","city_state_slug":"Stanley.ND","brand":"Ford","website":"www.prairieford.com","address":"224 Main St  Box 100","city":"Stanley","state":"ND","zip":58784,"latitude":48.316474,"longitude":-102.390647,"phone_number_service":"7016282855","phone_number_main":"","service_hours":"Mo-Fr 08:00 - 17:30 | Sa-Su Closed","utc_offset":"","gplace_id":0,"gplace_url":"","dealerID":60914,"trusted":false,"image_id":"v1597283967/ford_RM.png","phone":"7016282855","cityStateSlug":"stanley.nd","slug":"Stanley.ND/prairie+motors","location":"48.316474,-102.390647","brandsList":["ford"]},{"id":17097,"crm_id":999,"name":"Minot Automotive Center","dealerSlug":"minot+automotive+center","city_state_slug":"Minot.ND","brand":"Chrysler,Dodge,Jeep,RAM,Fiat","website":"www.minotchryslercenter.net","address":"3615 South Broadway","city":"Minot","state":"ND","zip":58701,"latitude":48.197028,"longitude":-101.294009,"phone_number_service":"7018520151","phone_number_main":"","service_hours":"Mo-Fr 08:30 - 19:00 | Sa 08:30 - 18:00 | Su Closed","utc_offset":"","gplace_id":0,"gplace_url":"","dealerID":61197,"trusted":false,"image_id":"v1597283975/chrysler_RM.png","phone":"7018520151","cityStateSlug":"minot.nd","slug":"Minot.ND/minot+automotive+center","location":"48.197028,-101.294009","brandsList":["chrysler","dodge","jeep","ram","fiat"]},{"id":17461,"crm_id":999,"name":"Ryan Nissan","dealerSlug":"ryan+nissan","city_state_slug":"Minot.ND","brand":"Nissan","website":"www.ryannissan.com","address":"3915 S BROADWAY","city":"Minot","state":"ND","zip":58701,"latitude":48.1936458,"longitude":-101.2958566,"phone_number_service":"7018523915","phone_number_main":"","service_hours":"Mo-Fr 09:00 - 18:00\n | Sa 09:00 - 17:00\n | Su Closed","utc_offset":"","gplace_id":0,"gplace_url":"","dealerID":61223,"trusted":false,"image_id":"v1597283926/nissan_RM.png","phone":"7018523915","cityStateSlug":"minot.nd","slug":"Minot.ND/ryan+nissan","location":"48.1936458,-101.2958566","brandsList":["nissan"]},{"id":17371,"crm_id":999,"name":"Red Rock Ford","dealerSlug":"red+rock+ford","city_state_slug":"Williston.ND","brand":"Ford","website":"www.redrockfordwilliston.com","address":"410 32nd Avenue West","city":"Williston","state":"ND","zip":58801,"latitude":48.146749,"longitude":-103.669026,"phone_number_service":"7015772142","phone_number_main":"","service_hours":"Mo-Th 08:00 - 19:00 | Fr 08:00 - 18:00 | Sa 08:00 - 17:00 | Su Closed","utc_offset":"","gplace_id":0,"gplace_url":"","dealerID":61260,"trusted":false,"image_id":"v1597283967/ford_RM.png","phone":"7015772142","cityStateSlug":"williston.nd","slug":"Williston.ND/red+rock+ford","location":"48.146749,-103.669026","brandsList":["ford"]},{"id":16769,"crm_id":999,"name":"Jim Weber Ford","dealerSlug":"jim+weber+ford","city_state_slug":"Wishek.ND","brand":"Ford","website":"www.jimweberford.com","address":"5 So Third St  Box 547","city":"Wishek","state":"ND","zip":58495,"latitude":46.258935,"longitude":-99.561681,"phone_number_service":"7014524288","phone_number_main":"","service_hours":"Mo-Th 08:00 - 17:30 | Fr 08:00 - 17:00 | Sa 09:00 - 13:00 | Su Closed","utc_offset":"","gplace_id":0,"gplace_url":"","dealerID":61341,"trusted":false,"image_id":"v1597283967/ford_RM.png","phone":"7014524288","cityStateSlug":"wishek.nd","slug":"Wishek.ND/jim+weber+ford","location":"46.258935,-99.561681","brandsList":["ford"]},{"id":16843,"crm_id":999,"name":"Kupper Subaru","dealerSlug":"kupper+subaru","city_state_slug":"Mandan.ND","brand":"Subaru","website":"kuppersubaru.dealer.subaru.com","address":"805 E Main St","city":"Mandan","state":"ND","zip":58554,"latitude":46.827419,"longitude":-100.879187,"phone_number_service":"8103292100","phone_number_main":"","service_hours":"","utc_offset":"","gplace_id":0,"gplace_url":"","dealerID":61592,"trusted":false,"image_id":"v1597283982/subaru_ms.png","phone":"8103292100","cityStateSlug":"mandan.nd","slug":"Mandan.ND/kupper+subaru","location":"46.827419,-100.879187","brandsList":["subaru"]},{"id":12963,"crm_id":67032049,"name":"Schwan Buick GMC","dealerSlug":"schwan+buick+gmc","city_state_slug":"Mandan.ND","brand":"Buick,GMC","website":"schwanbuickgmc.com","address":"3812 Memorial Hwy","city":"Mandan","state":"ND","zip":58554,"latitude":46.8144788,"longitude":-100.8415905,"phone_number_service":"7012146370","phone_number_main":"7015168293","service_hours":"Mo-Fr 07:30 - 18:00 | Sa 08:00 - 17:00","utc_offset":"-300","gplace_id":null,"gplace_url":"https://maps.google.com/?cid=7462578405380434440","dealerID":62768,"trusted":false,"image_id":"v1597283981/buick_RM.png","phone":"7012146370","cityStateSlug":"mandan.nd","slug":"Mandan.ND/schwan+buick+gmc","location":"46.8144788,-100.8415905","brandsList":["buick","gmc"]},{"id":3655,"crm_id":67033411,"name":"Dakota Chrysler Center","dealerSlug":"dakota+chrysler+center","city_state_slug":"Wahpeton.ND","brand":"Chrysler,Dodge,Jeep,RAM","website":"www.dakotachryslercenter.net","address":"Hwy 13 West","city":"Wahpeton","state":"ND","zip":58075,"latitude":46.261862,"longitude":-96.6589651,"phone_number_service":"7013530453","phone_number_main":"7016421551","service_hours":"Mo-Fr 08:00 - 17:30","utc_offset":"-300","gplace_id":null,"gplace_url":"https://maps.google.com/?cid=12319629171160362623","dealerID":63149,"trusted":false,"image_id":"v1597283975/chrysler_RM.png","phone":"7013530453","cityStateSlug":"wahpeton.nd","slug":"Wahpeton.ND/dakota+chrysler+center","location":"46.261862,-96.6589651","brandsList":["chrysler","dodge","jeep","ram"]},{"id":8135,"crm_id":67033708,"name":"Kupper Chevrolet","dealerSlug":"kupper+chevrolet","city_state_slug":"Mandan.ND","brand":"Chevrolet","website":"www.kupper-chevrolet.com","address":"1500 2nd St NE","city":"Mandan","state":"ND","zip":58554,"latitude":46.8316496,"longitude":-100.8711546,"phone_number_service":"7014501203","phone_number_main":"7016639851","service_hours":"Mo-Fr 07:00 - 18:00 | Sa 08:00 - 17:00","utc_offset":"-300","gplace_id":null,"gplace_url":"https://maps.google.com/?cid=9235261359260270036","dealerID":63233,"trusted":false,"image_id":"v1597284079/chevy_ms.png","phone":"7014501203","cityStateSlug":"mandan.nd","slug":"Mandan.ND/kupper+chevrolet","location":"46.8316496,-100.8711546","brandsList":["chevrolet"]},{"id":9063,"crm_id":67034338,"name":"Luther Family Ford","dealerSlug":"luther+family+ford","city_state_slug":"Fargo.ND","brand":"Ford","website":"www.lutherfamilyford.net","address":"3302 36th St S","city":"Fargo","state":"ND","zip":58104,"latitude":46.8300823,"longitude":-96.8366665,"phone_number_service":"8883577193","phone_number_main":"7012822350","service_hours":"Mo-Fr 07:00 - 18:00 | Sa 08:00 - 17:00","utc_offset":"-300","gplace_id":null,"gplace_url":"https://maps.google.com/?cid=14030140340491890193","dealerID":63406,"trusted":false,"image_id":"v1597283967/ford_RM.png","phone":"8883577193","cityStateSlug":"fargo.nd","slug":"Fargo.ND/luther+family+ford","location":"46.8300823,-96.8366665","brandsList":["ford"]},{"id":3687,"crm_id":67035856,"name":"Dan Porter Toyota","dealerSlug":"dan+porter+toyota","city_state_slug":"Dickinson.ND","brand":"Toyota","website":"www.danportertoyota.com","address":"2391 I-94 Business Loop East","city":"Dickinson","state":"ND","zip":58601,"latitude":46.883088,"longitude":-102.7494546,"phone_number_service":"7012271272","phone_number_main":"7012271272","service_hours":"Mo-Fr 08:00 - 17:30","utc_offset":"-360","gplace_id":null,"gplace_url":"https://maps.google.com/?cid=4990841694921168908","dealerID":63824,"trusted":false,"image_id":"v1597284039/toyota_ms.png","phone":"7012271272","cityStateSlug":"dickinson.nd","slug":"Dickinson.ND/dan+porter+toyota","location":"46.883088,-102.7494546","brandsList":["toyota"]},{"id":12899,"crm_id":67035946,"name":"Sax Motor Co","dealerSlug":"sax+motor+co","city_state_slug":"Dickinson.ND","brand":"Chevrolet","website":"www.saxmotordickinson.com","address":"52 21st St E","city":"Dickinson","state":"ND","zip":58601,"latitude":46.9040668,"longitude":-102.7851905,"phone_number_service":"8665598427","phone_number_main":"7014834411","service_hours":"Mo-Fr 08:00 - 17:30 | Sa 08:00 - 12:00","utc_offset":"-360","gplace_id":null,"gplace_url":"https://maps.google.com/?cid=2045680687256325046","dealerID":63850,"trusted":false,"image_id":"v1597284079/chevy_ms.png","phone":"8665598427","cityStateSlug":"dickinson.nd","slug":"Dickinson.ND/sax+motor+co","location":"46.9040668,-102.7851905","brandsList":["chevrolet"]},{"id":1417,"crm_id":67036228,"name":"Bill Barth Kia","dealerSlug":"bill+barth+kia","city_state_slug":"Mandan.ND","brand":"Kia","website":"billbarthkia.com","address":"3334 Memorial Hwy","city":"Mandan","state":"ND","zip":58554,"latitude":46.8176404,"longitude":-100.8502846,"phone_number_service":"7013433939","phone_number_main":"7016679999","service_hours":"Mo-Fr 07:30 - 17:30","utc_offset":"-300","gplace_id":null,"gplace_url":"https://maps.google.com/?cid=668517702701280313","dealerID":63919,"trusted":false,"image_id":"v1597283948/kia_RM.png","phone":"7013433939","cityStateSlug":"mandan.nd","slug":"Mandan.ND/bill+barth+kia","location":"46.8176404,-100.8502846","brandsList":["kia"]},{"id":4467,"crm_id":67036633,"name":"Eide Hyundai","dealerSlug":"eide+hyundai","city_state_slug":"Grand-Forks.ND","brand":"Hyundai","website":"eidehyundai.com","address":"1300 S Washington St","city":"Grand Forks","state":"ND","zip":58201,"latitude":47.908395,"longitude":-97.04555,"phone_number_service":"8442336914","phone_number_main":"7017469353","service_hours":"Mo-Fr 07:30 - 17:30 | Sa 08:00 - 16:00","utc_offset":"-300","gplace_id":null,"gplace_url":"https://maps.google.com/?cid=11813065794635570205","dealerID":64032,"trusted":false,"image_id":"v1597283959/hyundai_RM.png","phone":"8442336914","cityStateSlug":"grand-forks.nd","slug":"Grand-Forks.ND/eide+hyundai","location":"47.908395,-97.04555","brandsList":["hyundai"]},{"id":15535,"crm_id":67038136,"name":"Williston Auto","dealerSlug":"williston+auto","city_state_slug":"Williston.ND","brand":"Buick,Cadillac,Chevrolet,GMC","website":"www.willistonauto.com/","address":"1801 2nd Ave W","city":"Williston","state":"ND","zip":58801,"latitude":48.1617964,"longitude":-103.6270023,"phone_number_service":"8443779381","phone_number_main":"8552287281","service_hours":"Mo-Fr 07:30 - 17:30","utc_offset":"-300","gplace_id":null,"gplace_url":"https://maps.google.com/?cid=6782917347372190975","dealerID":64454,"trusted":false,"image_id":"v1597283981/buick_RM.png","phone":"8443779381","cityStateSlug":"williston.nd","slug":"Williston.ND/williston+auto","location":"48.1617964,-103.6270023","brandsList":["buick","cadillac","chevrolet","gmc"]},{"id":11959,"crm_id":67038895,"name":"Puklich Chevrolet","dealerSlug":"puklich+chevrolet","city_state_slug":"Bismarck.ND","brand":"Chevrolet","website":"www.puklichchevrolet.com","address":"3701 State St","city":"Bismarck","state":"ND","zip":58503,"latitude":46.84595,"longitude":-100.770998,"phone_number_service":"7012144801","phone_number_main":"7012235800","service_hours":"Mo-Fr 07:00 - 18:00","utc_offset":"-300","gplace_id":null,"gplace_url":"https://maps.google.com/?cid=8100535666905513563","dealerID":64667,"trusted":false,"image_id":"v1597284079/chevy_ms.png","phone":"7012144801","cityStateSlug":"bismarck.nd","slug":"Bismarck.ND/puklich+chevrolet","location":"46.84595,-100.770998","brandsList":["chevrolet"]},{"id":12012,"crm_id":67040293,"name":"R-Z Motors","dealerSlug":"r+z+motors","city_state_slug":"Hettinger.ND","brand":"Ford","website":"www.rzfordmotor.com/","address":"603 2nd Ave S","city":"Hettinger","state":"ND","zip":58639,"latitude":45.9996226,"longitude":-102.6349567,"phone_number_service":"8887136687","phone_number_main":"7015672474","service_hours":"Mo-Fr 08:00 - 17:00 | Sa 08:00 - 12:00","utc_offset":"-360","gplace_id":null,"gplace_url":"https://maps.google.com/?cid=7816730305202834136","dealerID":65040,"trusted":false,"image_id":"v1597283967/ford_RM.png","phone":"8887136687","cityStateSlug":"hettinger.nd","slug":"Hettinger.ND/r+z+motors","location":"45.9996226,-102.6349567","brandsList":["ford"]},{"id":9280,"crm_id":67042855,"name":"Marketplace Motors","dealerSlug":"marketplace+motors","city_state_slug":"Devils-Lake.ND","brand":"Ford,Lincoln","website":"www.marketplaceford.com/","address":"332 Highway #2 West","city":"Devils Lake","state":"ND","zip":58301,"latitude":48.1059017,"longitude":-98.8704781,"phone_number_service":"7014011533","phone_number_main":"8004504663","service_hours":"Mo-Fr 08:00 - 18:00 | Sa 08:00 - 13:00","utc_offset":"-300","gplace_id":null,"gplace_url":"https://maps.google.com/?cid=815079699884684792","dealerID":65722,"trusted":false,"image_id":"v1597283967/ford_RM.png","phone":"7014011533","cityStateSlug":"devils-lake.nd","slug":"Devils-Lake.ND/marketplace+motors","location":"48.1059017,-98.8704781","brandsList":["ford","lincoln"]},{"id":4075,"crm_id":67042924,"name":"Don Bessette Hyundai","dealerSlug":"don+bessette+hyundai","city_state_slug":"Minot.ND","brand":"Hyundai","website":"www.donbessettemotors.com","address":"1715 N Broadway","city":"Minot","state":"ND","zip":58703,"latitude":48.2530638,"longitude":-101.2972065,"phone_number_service":"8338884989","phone_number_main":"7018523300","service_hours":"Mo-Fr 07:30 - 18:00 | Sa 09:00 - 15:00","utc_offset":"-300","gplace_id":null,"gplace_url":"https://maps.google.com/?cid=11807319767509636497","dealerID":65740,"trusted":false,"image_id":"v1597283959/hyundai_RM.png","phone":"8338884989","cityStateSlug":"minot.nd","slug":"Minot.ND/don+bessette+hyundai","location":"48.2530638,-101.2972065","brandsList":["hyundai"]},{"id":8201,"crm_id":67043167,"name":"Lake Toyota","dealerSlug":"lake+toyota","city_state_slug":"Devils-Lake.ND","brand":"Toyota","website":"www.laketoyota.com/","address":"424 US-2","city":"Devils Lake","state":"ND","zip":58301,"latitude":48.099994,"longitude":-98.859484,"phone_number_service":"7014018568","phone_number_main":"7014012039","service_hours":"Mo-Fr 08:00 - 18:00 | Sa 08:00 - 13:00","utc_offset":"-300","gplace_id":null,"gplace_url":"https://maps.google.com/?cid=2162800941931679254","dealerID":65813,"trusted":false,"image_id":"v1597284039/toyota_ms.png","phone":"7014018568","cityStateSlug":"devils-lake.nd","slug":"Devils-Lake.ND/lake+toyota","location":"48.099994,-98.859484","brandsList":["toyota"]},{"id":1416,"crm_id":67043719,"name":"Bill Barth Ford","dealerSlug":"bill+barth+ford","city_state_slug":"Mandan.ND","brand":"Ford","website":"www.billbarthfordmandan.com","address":"3205 Memorial Hwy","city":"Mandan","state":"ND","zip":58554,"latitude":46.8175503,"longitude":-100.8505399,"phone_number_service":"7017470734","phone_number_main":"7016639564","service_hours":"Mo-Fr 07:00 - 18:00","utc_offset":"-300","gplace_id":null,"gplace_url":"https://maps.google.com/?cid=9176704188850102188","dealerID":65967,"trusted":false,"image_id":"v1597283967/ford_RM.png","phone":"7017470734","cityStateSlug":"mandan.nd","slug":"Mandan.ND/bill+barth+ford","location":"46.8175503,-100.8505399","brandsList":["ford"]},{"id":5436,"crm_id":67044040,"name":"Gateway Hyundai","dealerSlug":"gateway+hyundai","city_state_slug":"South-Fargo.ND","brand":"Hyundai","website":"www.fargohyundai.com/","address":"441 38th","city":"South Fargo","state":"ND","zip":58103,"latitude":46.8703699,"longitude":-96.8455178,"phone_number_service":"7012328442","phone_number_main":"8448466178","service_hours":"Mo-Fr 07:00 - 18:00 | Sa 08:00 - 16:00","utc_offset":"-240","gplace_id":null,"gplace_url":"https://maps.google.com/?cid=11535520763553526420","dealerID":66052,"trusted":false,"image_id":"v1597283959/hyundai_RM.png","phone":"7012328442","cityStateSlug":"south-fargo.nd","slug":"South-Fargo.ND/gateway+hyundai","location":"46.8703699,-96.8455178","brandsList":["hyundai"]},{"id":5432,"crm_id":67044892,"name":"Gateway Chevrolet","dealerSlug":"gateway+chevrolet","city_state_slug":"Fargo.ND","brand":"Chevrolet","website":"www.fargochevrolet.com","address":"501 38th St S","city":"Fargo","state":"ND","zip":58103,"latitude":46.8695381,"longitude":-96.8438622,"phone_number_service":"7015405280","phone_number_main":"7012825522","service_hours":"Mo-Th 07:00 - 19:00 | Fr 07:00 - 18:00 | Sa 08:00 - 16:00","utc_offset":"-300","gplace_id":null,"gplace_url":"https://maps.google.com/?cid=11274453735983813773","dealerID":66279,"trusted":false,"image_id":"v1597284079/chevy_ms.png","phone":"7015405280","cityStateSlug":"fargo.nd","slug":"Fargo.ND/gateway+chevrolet","location":"46.8695381,-96.8438622","brandsList":["chevrolet"]},{"id":8870,"crm_id":67046470,"name":"Lithia Chrysler Jeep Dodge of Grand Forks","dealerSlug":"lithia+chrysler+jeep+dodge+of+grand+forks","city_state_slug":"Grand-Forks.ND","brand":"Chrysler,Dodge,Jeep,RAM","website":"www.chryslerjeepdodgeofgrandforks.com","address":"2373 32nd Ave S","city":"Grand Forks","state":"ND","zip":58201,"latitude":47.8875686,"longitude":-97.0593429,"phone_number_service":"8445103635","phone_number_main":"7018643645","service_hours":"Mo-Fr 07:00 - 18:00 | Sa 08:00 - 16:00","utc_offset":"-300","gplace_id":null,"gplace_url":"https://maps.google.com/?cid=15851202058076757574","dealerID":66686,"trusted":false,"image_id":"v1597283975/chrysler_RM.png","phone":"8445103635","cityStateSlug":"grand-forks.nd","slug":"Grand-Forks.ND/lithia+chrysler+jeep+dodge+of+grand+forks","location":"47.8875686,-97.0593429","brandsList":["chrysler","dodge","jeep","ram"]},{"id":14974,"crm_id":67046593,"name":"Vision Ford","dealerSlug":"vision+ford","city_state_slug":"Wahpeton.ND","brand":"Ford","website":"www.visionfordwahpeton.com","address":"1688 2 10 Dr","city":"Wahpeton","state":"ND","zip":58075,"latitude":46.2851559,"longitude":-96.6236528,"phone_number_service":"8772899193","phone_number_main":"7016425546","service_hours":"Mo-Fr 07:30 - 17:30 | Sa 09:00 - 13:00","utc_offset":"-300","gplace_id":null,"gplace_url":"https://maps.google.com/?cid=6872050784362565248","dealerID":66721,"trusted":false,"image_id":"v1597283967/ford_RM.png","phone":"8772899193","cityStateSlug":"wahpeton.nd","slug":"Wahpeton.ND/vision+ford","location":"46.2851559,-96.6236528","brandsList":["ford"]},{"id":12741,"crm_id":67046863,"name":"Ryan Chevrolet","dealerSlug":"ryan+chevrolet","city_state_slug":"Minot.ND","brand":"Chevrolet","website":"www.ryanchevroletminot.com","address":"1800 S Broadway","city":"Minot","state":"ND","zip":58701,"latitude":48.2138889,"longitude":-101.2966668,"phone_number_service":"7018523571","phone_number_main":"7018523571","service_hours":"Mo-Sa 07:00 - 18:00","utc_offset":"-300","gplace_id":null,"gplace_url":"https://maps.google.com/?cid=14365542427475689785","dealerID":66790,"trusted":false,"image_id":"v1597284079/chevy_ms.png","phone":"7018523571","cityStateSlug":"minot.nd","slug":"Minot.ND/ryan+chevrolet","location":"48.2138889,-101.2966668","brandsList":["chevrolet"]},{"id":4466,"crm_id":67048267,"name":"Eide Ford Lincoln","dealerSlug":"eide+ford+lincoln","city_state_slug":"Bismarck.ND","brand":"Ford,Lincoln","website":"eideford.com","address":"800 E Bismarck Expy","city":"Bismarck","state":"ND","zip":58504,"latitude":46.7960143,"longitude":-100.7800796,"phone_number_service":"8777641615","phone_number_main":"7012223500","service_hours":"Mo-Th 07:00 - 19:00 | Fr 07:00 - 18:00 | Sa 08:00 - 17:00","utc_offset":"-300","gplace_id":null,"gplace_url":"https://maps.google.com/?cid=6001465963600787631","dealerID":67179,"trusted":false,"image_id":"v1597283967/ford_RM.png","phone":"8777641615","cityStateSlug":"bismarck.nd","slug":"Bismarck.ND/eide+ford+lincoln","location":"46.7960143,-100.7800796","brandsList":["ford","lincoln"]},{"id":3344,"crm_id":67053046,"name":"Corwin Honda Fargo","dealerSlug":"corwin+honda+fargo","city_state_slug":"Fargo.ND","brand":"Honda","website":"www.corwinhonda.com","address":"201 40th Street","city":"Fargo","state":"ND","zip":58103,"latitude":46.8737526,"longitude":-96.8470917,"phone_number_service":"7012827000","phone_number_main":"7012827000","service_hours":"Mo-Th 07:00 - 19:00 | Fr 07:00 - 18:00 | Sa 08:00 - 17:00","utc_offset":"-300","gplace_id":null,"gplace_url":"https://maps.google.com/?cid=6552182959099081848","dealerID":68484,"trusted":false,"image_id":"v1597284047/honda_ms.png","phone":"7012827000","cityStateSlug":"fargo.nd","slug":"Fargo.ND/corwin+honda+fargo","location":"46.8737526,-96.8470917","brandsList":["honda"]},{"id":5727,"crm_id":67054417,"name":"Grand Forks Kia","dealerSlug":"grand+forks+kia","city_state_slug":"Grand-Forks.ND","brand":"Kia","website":"www.grandforkskia.com","address":"2400 Gateway Dr","city":"Grand Forks","state":"ND","zip":58203,"latitude":47.9336187,"longitude":-97.0618633,"phone_number_service":"8888029433","phone_number_main":"7017464335","service_hours":"Mo-Fr 07:30 - 18:00 | Sa 08:00 - 16:00","utc_offset":"-300","gplace_id":null,"gplace_url":"https://maps.google.com/?cid=995908802701500400","dealerID":68863,"trusted":false,"image_id":"v1597283948/kia_RM.png","phone":"8888029433","cityStateSlug":"grand-forks.nd","slug":"Grand-Forks.ND/grand+forks+kia","location":"47.9336187,-97.0618633","brandsList":["kia"]},{"id":15606,"crm_id":67055956,"name":"Wolfe Ford","dealerSlug":"wolfe+ford","city_state_slug":"Lidgerwood.ND","brand":"Ford","website":"www.wolfeford.com/","address":"15525 Highway 11","city":"Lidgerwood","state":"ND","zip":58053,"latitude":46.0701507,"longitude":-97.152286,"phone_number_service":"8884800163","phone_number_main":"3082543636","service_hours":"Mo-Fr 08:00 - 16:30","utc_offset":"-360","gplace_id":null,"gplace_url":"https://maps.google.com/?cid=14634053099338091622","dealerID":69285,"trusted":false,"image_id":"v1597283967/ford_RM.png","phone":"8884800163","cityStateSlug":"lidgerwood.nd","slug":"Lidgerwood.ND/wolfe+ford","location":"46.0701507,-97.152286","brandsList":["ford"]},{"id":10090,"crm_id":67058245,"name":"Miller Motors","dealerSlug":"miller+motors","city_state_slug":"Valley-City.ND","brand":"Chrysler,Dodge,Jeep,RAM","website":"www.millermotorschryslerdodgejeep.com","address":"1345 W Main St","city":"Valley City","state":"ND","zip":58072,"latitude":46.9180532,"longitude":-98.0215776,"phone_number_service":"7018406054","phone_number_main":"7018452780","service_hours":"Mo-Fr 07:30 - 18:00 | Sa 08:00 - 12:00","utc_offset":"-300","gplace_id":null,"gplace_url":"https://maps.google.com/?cid=1040440628127002680","dealerID":69911,"trusted":false,"image_id":"v1597283975/chrysler_RM.png","phone":"7018406054","cityStateSlug":"valley-city.nd","slug":"Valley-City.ND/miller+motors","location":"46.9180532,-98.0215776","brandsList":["chrysler","dodge","jeep","ram"]},{"id":15417,"crm_id":67058389,"name":"Westlie Motor Co","dealerSlug":"westlie+motor+co","city_state_slug":"Minot.ND","brand":"Ford","website":"www.westliemotors.com","address":"500 S Broadway","city":"Minot","state":"ND","zip":58701,"latitude":48.2313629,"longitude":-101.2965737,"phone_number_service":"7018571633","phone_number_main":"7018521354","service_hours":"Mo-Fr 08:00 - 18:00 | Sa 08:00 - 13:00","utc_offset":"-300","gplace_id":null,"gplace_url":"https://maps.google.com/?cid=13792733942089673487","dealerID":69952,"trusted":false,"image_id":"v1597283967/ford_RM.png","phone":"7018571633","cityStateSlug":"minot.nd","slug":"Minot.ND/westlie+motor+co","location":"48.2313629,-101.2965737","brandsList":["ford"]},{"id":12745,"crm_id":67060540,"name":"Ryan Honda of Minot","dealerSlug":"ryan+honda+of+minot","city_state_slug":"Minot.ND","brand":"Honda","website":"www.ryanhondaminot.com","address":"3701 S Broadway","city":"Minot","state":"ND","zip":58701,"latitude":48.196162,"longitude":-101.2948987,"phone_number_service":"7018521111","phone_number_main":"7018521111","service_hours":"Mo-Fr 07:30 - 17:30 | Sa 08:30-15:00","utc_offset":"-300","gplace_id":null,"gplace_url":"https://maps.google.com/?cid=9891795332606288932","dealerID":70544,"trusted":false,"image_id":"v1597284047/honda_ms.png","phone":"7018521111","cityStateSlug":"minot.nd","slug":"Minot.ND/ryan+honda+of+minot","location":"48.196162,-101.2948987","brandsList":["honda"]},{"id":13730,"crm_id":67068400,"name":"Stoudt - Ross Ford","dealerSlug":"stoudt+ross+ford","city_state_slug":"Valley-City.ND","brand":"Ford","website":"www.stoudtrossford.com","address":"325 Winter Show Rd SW","city":"Valley City","state":"ND","zip":58072,"latitude":46.9136415,"longitude":-98.0065333,"phone_number_service":"8884495961","phone_number_main":"7018451671","service_hours":"Mo-Fr 07:30 - 18:00 | Sa 07:30 - 12:00","utc_offset":"-300","gplace_id":null,"gplace_url":"https://maps.google.com/?cid=17461716949960240846","dealerID":72605,"trusted":false,"image_id":"v1597283967/ford_RM.png","phone":"8884495961","cityStateSlug":"valley-city.nd","slug":"Valley-City.ND/stoudt+ross+ford","location":"46.9136415,-98.0065333","brandsList":["ford"]},{"id":13309,"crm_id":67068403,"name":"Smith Motors","dealerSlug":"smith+motors","city_state_slug":"Wahpeton.ND","brand":"Chevrolet","website":"www.smithmotors.com","address":"101 11th St N","city":"Wahpeton","state":"ND","zip":58075,"latitude":46.264237,"longitude":-96.6163342,"phone_number_service":"8665908365","phone_number_main":"7016420444","service_hours":"Mo-Fr  08:00 - 17:30","utc_offset":"-300","gplace_id":null,"gplace_url":"https://maps.google.com/?cid=43464133996526272","dealerID":72606,"trusted":false,"image_id":"v1597284079/chevy_ms.png","phone":"8665908365","cityStateSlug":"wahpeton.nd","slug":"Wahpeton.ND/smith+motors","location":"46.264237,-96.6163342","brandsList":["chevrolet"]},{"id":3346,"crm_id":67068406,"name":"Corwin Toyota of Fargo","dealerSlug":"corwin+toyota+of+fargo","city_state_slug":"Fargo.ND","brand":"Toyota","website":"www.corwintoyota.com","address":"222 40th St S","city":"Fargo","state":"ND","zip":58103,"latitude":46.8728886,"longitude":-96.8447233,"phone_number_service":"7012828425","phone_number_main":"7012828425","service_hours":"Mo-Th 06:30 - 19:00 | Fr 06:30 - 18:00 | Sa 08:00 - 17:00","utc_offset":"-300","gplace_id":null,"gplace_url":"https://maps.google.com/?cid=12547894736423023789","dealerID":72607,"trusted":false,"image_id":"v1597284039/toyota_ms.png","phone":"7012828425","cityStateSlug":"fargo.nd","slug":"Fargo.ND/corwin+toyota+of+fargo","location":"46.8728886,-96.8447233","brandsList":["toyota"]},{"id":3341,"crm_id":67068409,"name":"Corwin Chrysler Dodge Jeep RAM","dealerSlug":"corwin+chrysler+dodge+jeep+ram","city_state_slug":"Fargo.ND","brand":"Chrysler,Dodge,Jeep,RAM","website":"corwinchryslerdodge.com","address":"301 38th St S.","city":"Fargo","state":"ND","zip":58103,"latitude":46.8720035,"longitude":-96.8432932,"phone_number_service":"7013538728","phone_number_main":"7012825600","service_hours":"Mo-Th 07:00 - 20:00 | Fr 07:00 - 18:00 | Sa 08:00 - 17:00","utc_offset":"-300","gplace_id":null,"gplace_url":"https://maps.google.com/?cid=14010582139134532454","dealerID":72608,"trusted":false,"image_id":"v1597283975/chrysler_RM.png","phone":"7013538728","cityStateSlug":"fargo.nd","slug":"Fargo.ND/corwin+chrysler+dodge+jeep+ram","location":"46.8720035,-96.8432932","brandsList":["chrysler","dodge","jeep","ram"]},{"id":5438,"crm_id":67068415,"name":"Gateway Nissan","dealerSlug":"gateway+nissan","city_state_slug":"Fargo.ND","brand":"Nissan","website":"www.fargonissan.com","address":"441 38th St S","city":"Fargo","state":"ND","zip":58103,"latitude":46.8703663,"longitude":-96.8433291,"phone_number_service":"7012328442","phone_number_main":"7012328442","service_hours":"Mo-Fr 07:00 - 18:00 | Sa 08:00 - 16:00","utc_offset":"-300","gplace_id":null,"gplace_url":"https://maps.google.com/?cid=7156246128209986481","dealerID":72609,"trusted":false,"image_id":"v1597283926/nissan_RM.png","phone":"7012328442","cityStateSlug":"fargo.nd","slug":"Fargo.ND/gateway+nissan","location":"46.8703663,-96.8433291","brandsList":["nissan"]},{"id":9062,"crm_id":67068418,"name":"Luther Family Buick GMC","dealerSlug":"luther+family+buick+gmc","city_state_slug":"Fargo.ND","brand":"Buick,GMC","website":"www.lutherfamilybuickgmc.com","address":"3202 36th St Southwest","city":"Fargo","state":"ND","zip":58104,"latitude":46.8310915,"longitude":-96.8353093,"phone_number_service":"7012050369","phone_number_main":"7016394547","service_hours":"Mo-Fr 07:00 - 18:00 | Sa 07:00 - 17:00","utc_offset":"-300","gplace_id":null,"gplace_url":"https://maps.google.com/?cid=5450871706382282997","dealerID":72610,"trusted":false,"image_id":"v1597283981/buick_RM.png","phone":"7012050369","cityStateSlug":"fargo.nd","slug":"Fargo.ND/luther+family+buick+gmc","location":"46.8310915,-96.8353093","brandsList":["buick","gmc"]},{"id":8882,"crm_id":67068421,"name":"Lithia Ford Lincoln of Grand Forks","dealerSlug":"lithia+ford+lincoln+of+grand+forks","city_state_slug":"Grand-Forks.ND","brand":"Ford,Lincoln","website":"www.lithiafordgrandforks.com","address":"2273 32nd Ave S","city":"Grand Forks","state":"ND","zip":58201,"latitude":47.8874151,"longitude":-97.0575423,"phone_number_service":"8669506742","phone_number_main":"7017466411","service_hours":"Mo-Fr 07:00 - 18:00 | Sa 08:00 - 16:00","utc_offset":"-300","gplace_id":null,"gplace_url":"https://maps.google.com/?cid=14914259209553048084","dealerID":72611,"trusted":false,"image_id":"v1597283967/ford_RM.png","phone":"8669506742","cityStateSlug":"grand-forks.nd","slug":"Grand-Forks.ND/lithia+ford+lincoln+of+grand+forks","location":"47.8874151,-97.0575423","brandsList":["ford","lincoln"]},{"id":8905,"crm_id":67068424,"name":"Lithia Toyota of Grand Forks","dealerSlug":"lithia+toyota+of+grand+forks","city_state_slug":"Grand-Forks.ND","brand":"Toyota","website":"www.toyotaofgrandforks.com","address":"2473 32nd Ave S","city":"Grand Forks","state":"ND","zip":58201,"latitude":47.8883793,"longitude":-97.0606859,"phone_number_service":"8774570373","phone_number_main":"7018643644","service_hours":"Mo-Fr 07:00 - 18:00 | Sa 08:00 - 16:00","utc_offset":"-300","gplace_id":null,"gplace_url":"https://maps.google.com/?cid=15913036447331610209","dealerID":72612,"trusted":false,"image_id":"v1597284039/toyota_ms.png","phone":"8774570373","cityStateSlug":"grand-forks.nd","slug":"Grand-Forks.ND/lithia+toyota+of+grand+forks","location":"47.8883793,-97.0606859","brandsList":["toyota"]},{"id":12749,"crm_id":67068427,"name":"Rydell Chevrolet Buick GMC","dealerSlug":"rydell+chevrolet+buick+gmc","city_state_slug":"Grand-Forks.ND","brand":"Buick,Chevrolet,GMC","website":"www.rydellchev.com","address":"2700 S Washington St","city":"Grand Forks","state":"ND","zip":58201,"latitude":47.8937014,"longitude":-97.0471268,"phone_number_service":"7017727211","phone_number_main":"7017727211","service_hours":"Mo-Fr 07:00 - 20:00 | Sa 08:00 - 17:00","utc_offset":"-300","gplace_id":null,"gplace_url":"https://maps.google.com/?cid=6600340031114848789","dealerID":51002,"trusted":true,"image_id":"v1597283981/buick_RM.png","phone":"7017727211","cityStateSlug":"grand-forks.nd","slug":"Grand-Forks.ND/rydell+chevrolet+buick+gmc","location":"47.8937014,-97.0471268","brandsList":["buick","chevrolet","gmc"]},{"id":8183,"crm_id":67068433,"name":"Lake Chevrolet Buick GMC","dealerSlug":"lake+chevrolet+buick+gmc","city_state_slug":"Devils-Lake.ND","brand":"Buick,Chevrolet,GMC","website":"www.lakechevy.com","address":"123 5th St NE","city":"Devils Lake","state":"ND","zip":58301,"latitude":48.113253,"longitude":-98.8643761,"phone_number_service":"8774504530","phone_number_main":"8773007120","service_hours":"Mo-Fr 08:00 - 18:00 | Sa 08:00 - 13:00","utc_offset":"-300","gplace_id":null,"gplace_url":"https://maps.google.com/?cid=9155875043421880950","dealerID":72614,"trusted":false,"image_id":"v1597283981/buick_RM.png","phone":"8774504530","cityStateSlug":"devils-lake.nd","slug":"Devils-Lake.ND/lake+chevrolet+buick+gmc","location":"48.113253,-98.8643761","brandsList":["buick","chevrolet","gmc"]},{"id":3980,"crm_id":67068436,"name":"Devils Lake Chrysler Center","dealerSlug":"devils+lake+chrysler+center","city_state_slug":"Devils-Lake.ND","brand":"Chrysler,Dodge,Jeep,RAM","website":"www.devilslakechryslercenter.net","address":"302 4th St NW","city":"Devils Lake","state":"ND","zip":58301,"latitude":48.1113877,"longitude":-98.8685979,"phone_number_service":"7013538532","phone_number_main":"8772318728","service_hours":"Mo-Fr 08:00 - 17:30 | Sa 08:00 - 17:00","utc_offset":"-300","gplace_id":null,"gplace_url":"https://maps.google.com/?cid=2828482268241922323","dealerID":72615,"trusted":false,"image_id":"v1597283975/chrysler_RM.png","phone":"7013538532","cityStateSlug":"devils-lake.nd","slug":"Devils-Lake.ND/devils+lake+chrysler+center","location":"48.1113877,-98.8685979","brandsList":["chrysler","dodge","jeep","ram"]},{"id":12357,"crm_id":67068439,"name":"Ripplinger Motors","dealerSlug":"ripplinger+motors","city_state_slug":"Harvey.ND","brand":"Buick,Chevrolet","website":"www.ripplingergm.com","address":"2321 Highway 52 South","city":"Harvey","state":"ND","zip":58341,"latitude":47.74887,"longitude":-99.920765,"phone_number_service":"8775301672","phone_number_main":"7013242244","service_hours":"Mo-Fr 08:00 - 18:00 | Sa 08:00 - 12:00","utc_offset":"-300","gplace_id":null,"gplace_url":"https://maps.google.com/?cid=13819473187039453336","dealerID":72616,"trusted":false,"image_id":"v1597283981/buick_RM.png","phone":"8775301672","cityStateSlug":"harvey.nd","slug":"Harvey.ND/ripplinger+motors","location":"47.74887,-99.920765","brandsList":["buick","chevrolet"]},{"id":8921,"crm_id":67068442,"name":"Lloyds Toyota","dealerSlug":"lloyds+toyota","city_state_slug":"Jamestown.ND","brand":"Toyota","website":"www.lloydstoyota.com","address":"500 17th St SW","city":"Jamestown","state":"ND","zip":58401,"latitude":46.8924294,"longitude":-98.7154811,"phone_number_service":"7012524690","phone_number_main":"7012524690","service_hours":"Mo-Fr 07:30 - 17:30","utc_offset":"-300","gplace_id":null,"gplace_url":"https://maps.google.com/?cid=909198064575199393","dealerID":72617,"trusted":false,"image_id":"v1597284039/toyota_ms.png","phone":"7012524690","cityStateSlug":"jamestown.nd","slug":"Jamestown.ND/lloyds+toyota","location":"46.8924294,-98.7154811","brandsList":["toyota"]},{"id":12014,"crm_id":67068445,"name":"R. M. Stoudt","dealerSlug":"r+m+stoudt","city_state_slug":"Jamestown.ND","brand":"Ford","website":"stoudtford.com","address":"800 23rd St SW","city":"Jamestown","state":"ND","zip":58401,"latitude":46.8856491,"longitude":-98.7209787,"phone_number_service":"8002792886","phone_number_main":"8002792886","service_hours":"Mo-Fr 07:30 - 18:00 | Sa 08:00 - 15:00","utc_offset":"-300","gplace_id":null,"gplace_url":"https://maps.google.com/?cid=8087118073683422326","dealerID":72618,"trusted":false,"image_id":"v1597283967/ford_RM.png","phone":"8002792886","cityStateSlug":"jamestown.nd","slug":"Jamestown.ND/r+m+stoudt","location":"46.8856491,-98.7209787","brandsList":["ford"]},{"id":1352,"crm_id":67068448,"name":"Bessette Motors","dealerSlug":"bessette+motors","city_state_slug":"Carrington.ND","brand":"Buick,Chevrolet","website":"www.bessettemotors.com","address":"395 1st St N","city":"Carrington","state":"ND","zip":58421,"latitude":47.4508129,"longitude":-99.1169189,"phone_number_service":"8888245112","phone_number_main":"8888605814","service_hours":"Mo-Fr 08:00 - 17:30","utc_offset":"-300","gplace_id":null,"gplace_url":"https://maps.google.com/?cid=302601286923492560","dealerID":72619,"trusted":false,"image_id":"v1597283981/buick_RM.png","phone":"8888245112","cityStateSlug":"carrington.nd","slug":"Carrington.ND/bessette+motors","location":"47.4508129,-99.1169189","brandsList":["buick","chevrolet"]},{"id":2915,"crm_id":67068451,"name":"Christian Chrysler Dodge Jeep RAM","dealerSlug":"christian+chrysler+dodge+jeep+ram","city_state_slug":"Cooperstown.ND","brand":"Chrysler,Dodge,Jeep,RAM","website":"www.christiancdjr.com","address":"1002 Rollin Ave SE","city":"Cooperstown","state":"ND","zip":58425,"latitude":47.4421882,"longitude":-98.1219286,"phone_number_service":"7013545226","phone_number_main":"7017972461","service_hours":"Mo-Fr 07:30 - 17:00 | Sa 07:30 - 12:00","utc_offset":"-300","gplace_id":null,"gplace_url":"https://maps.google.com/?cid=17334947932168657556","dealerID":72620,"trusted":false,"image_id":"v1597283975/chrysler_RM.png","phone":"7013545226","cityStateSlug":"cooperstown.nd","slug":"Cooperstown.ND/christian+chrysler+dodge+jeep+ram","location":"47.4421882,-98.1219286","brandsList":["chrysler","dodge","jeep","ram"]},{"id":10697,"crm_id":67068454,"name":"Nissan of Bismarck","dealerSlug":"nissan+of+bismarck","city_state_slug":"Bismarck.ND","brand":"Nissan","website":"www.nissanofbismarck.com","address":"1026 57th Ave NW","city":"Bismarck","state":"ND","zip":58503,"latitude":46.868065,"longitude":-100.775377,"phone_number_service":"8664329284","phone_number_main":"7012581944","service_hours":"Mo-Fr 07:30 - 18:00 | Sa 08:00 - 17:00","utc_offset":"-300","gplace_id":null,"gplace_url":"https://maps.google.com/?cid=384052723393029519","dealerID":72621,"trusted":false,"image_id":"v1597283926/nissan_RM.png","phone":"8664329284","cityStateSlug":"bismarck.nd","slug":"Bismarck.ND/nissan+of+bismarck","location":"46.868065,-100.775377","brandsList":["nissan"]},{"id":6587,"crm_id":67068457,"name":"Honda of Bismarck","dealerSlug":"honda+of+bismarck","city_state_slug":"Bismarck.ND","brand":"Honda","website":"www.hondaofbismarck.com","address":"1100 NE 57th Ave.","city":"Bismarck","state":"ND","zip":58503,"latitude":46.8681402,"longitude":-100.7743182,"phone_number_service":"7012581944","phone_number_main":"7012581944","service_hours":"Mo-Fr 07:30 - 18:00  | Sa 08:00 - 17:00","utc_offset":"-300","gplace_id":null,"gplace_url":"https://maps.google.com/?cid=5518404178482853199","dealerID":72622,"trusted":false,"image_id":"v1597284047/honda_ms.png","phone":"7012581944","cityStateSlug":"bismarck.nd","slug":"Bismarck.ND/honda+of+bismarck","location":"46.8681402,-100.7743182","brandsList":["honda"]},{"id":6813,"crm_id":67068460,"name":"Hyundai of Bismarck","dealerSlug":"hyundai+of+bismarck","city_state_slug":"Bismarck.ND","brand":"Hyundai","website":"www.hyundaiofbismarck.com","address":"914 NE 57th Ave.","city":"Bismarck","state":"ND","zip":58503,"latitude":46.8681344,"longitude":-100.7758484,"phone_number_service":"8882163895","phone_number_main":"7012581944","service_hours":"Mo-Fr 07:30 - 18:00 | Sa 08:00 - 18:00","utc_offset":"-300","gplace_id":null,"gplace_url":"https://maps.google.com/?cid=5142276030688572591","dealerID":72623,"trusted":false,"image_id":"v1597283959/hyundai_RM.png","phone":"8882163895","cityStateSlug":"bismarck.nd","slug":"Bismarck.ND/hyundai+of+bismarck","location":"46.8681344,-100.7758484","brandsList":["hyundai"]},{"id":15013,"crm_id":67068463,"name":"Volkswagen of Bismarck","dealerSlug":"volkswagen+of+bismarck","city_state_slug":"Bismarck.ND","brand":"Volkswagen","website":"www.volkswagenofbismarck.com","address":"914 57th Ave NW","city":"Bismarck","state":"ND","zip":58503,"latitude":46.8681135,"longitude":-100.7758711,"phone_number_service":"7012581944","phone_number_main":"7012581944","service_hours":"Mo-Fr 07:30 - 18:00 |Sa 08:00 - 18:00","utc_offset":"-300","gplace_id":null,"gplace_url":"https://maps.google.com/?cid=13078257851304219751","dealerID":72624,"trusted":false,"image_id":"v1597283902/volkswagen.png","phone":"7012581944","cityStateSlug":"bismarck.nd","slug":"Bismarck.ND/volkswagen+of+bismarck","location":"46.8681135,-100.7758711","brandsList":["volkswagen"]},{"id":6198,"crm_id":67068466,"name":"Hazen Motor Co.","dealerSlug":"hazen+motor+co","city_state_slug":"Hazen.ND","brand":"Buick,Chevrolet,GMC","website":"www.hazenmotors.com","address":"10 Central Ave S","city":"Hazen","state":"ND","zip":58545,"latitude":47.2939914,"longitude":-101.6227549,"phone_number_service":"7014842760","phone_number_main":"7017482750","service_hours":"Mo-Fr 08:00 - 17:00","utc_offset":"-300","gplace_id":null,"gplace_url":"https://maps.google.com/?cid=12117917590083582533","dealerID":72625,"trusted":false,"image_id":"v1597283981/buick_RM.png","phone":"7014842760","cityStateSlug":"hazen.nd","slug":"Hazen.ND/hazen+motor+co","location":"47.2939914,-101.6227549","brandsList":["buick","chevrolet","gmc"]},{"id":3686,"crm_id":67068469,"name":"Dan Porter Honda","dealerSlug":"dan+porter+honda","city_state_slug":"Dickinson.ND","brand":"Honda","website":"www.danporterhonda.com","address":"2391 I-94 Business Loop East","city":"Dickinson","state":"ND","zip":58601,"latitude":46.883088,"longitude":-102.7494546,"phone_number_service":"7012271272","phone_number_main":"7012271272","service_hours":"Mo-Fr 08:00 - 17:30","utc_offset":"-360","gplace_id":null,"gplace_url":"https://maps.google.com/?cid=4990841694921168908","dealerID":72626,"trusted":false,"image_id":"v1597284047/honda_ms.png","phone":"7012271272","cityStateSlug":"dickinson.nd","slug":"Dickinson.ND/dan+porter+honda","location":"46.883088,-102.7494546","brandsList":["honda"]},{"id":12738,"crm_id":67068472,"name":"Ryan Buick GMC","dealerSlug":"ryan+buick+gmc","city_state_slug":"Minot.ND","brand":"Buick,GMC","website":"www.ryangmc.com","address":"1111 20th Ave SW","city":"Minot","state":"ND","zip":58701,"latitude":48.2101745,"longitude":-101.3090443,"phone_number_service":"7018521026","phone_number_main":"7018521026","service_hours":"Mo-Fr 07:30 - 17:30 | Sa 08:00-15:00","utc_offset":"-300","gplace_id":null,"gplace_url":"https://maps.google.com/?cid=11605287367002894880","dealerID":72627,"trusted":false,"image_id":"v1597283981/buick_RM.png","phone":"7018521026","cityStateSlug":"minot.nd","slug":"Minot.ND/ryan+buick+gmc","location":"48.2101745,-101.3090443","brandsList":["buick","gmc"]},{"id":12743,"crm_id":67068475,"name":"Ryan Chrysler Jeep Dodge","dealerSlug":"ryan+chrysler+jeep+dodge","city_state_slug":"Williston.ND","brand":"Chrysler,Dodge,Jeep,RAM","website":"www.ryanchryslerdodgejeep.net","address":"1212 2nd St W","city":"Williston","state":"ND","zip":58801,"latitude":48.1458988,"longitude":-103.6416187,"phone_number_service":"​7015771111","phone_number_main":"7012054569","service_hours":"Mo-Fr 07:30 - 18:00 | Sa 08:00-14:00","utc_offset":"-300","gplace_id":null,"gplace_url":"https://maps.google.com/?cid=17126942234417332777","dealerID":72628,"trusted":false,"image_id":"v1597283975/chrysler_RM.png","phone":"7015771111","cityStateSlug":"williston.nd","slug":"Williston.ND/ryan+chrysler+jeep+dodge","location":"48.1458988,-103.6416187","brandsList":["chrysler","dodge","jeep","ram"]},{"id":12752,"crm_id":82687060,"name":"Rydell Nissan of Grand Forks","dealerSlug":"rydell+nissan+of+grand+forks","city_state_slug":"Grand-Forks.ND","brand":"Nissan","website":"www.gfnissan.com","address":"3220 S Washington St B","city":"Grand Forks","state":"ND","zip":58201,"latitude":47.8888825,"longitude":-97.0466932,"phone_number_service":"7017469323","phone_number_main":"7017469323","service_hours":"Mo-Fr 07:00 - 18:00 | Sa 08:00 - 12:00","utc_offset":"-300","gplace_id":null,"gplace_url":"https://maps.google.com/?cid=17019790500967239814","dealerID":51004,"trusted":true,"image_id":"v1597283926/nissan_RM.png","phone":"7017469323","cityStateSlug":"grand-forks.nd","slug":"Grand-Forks.ND/rydell+nissan+of+grand+forks","location":"47.8888825,-97.0466932","brandsList":["nissan"]},{"id":12751,"crm_id":82687222,"name":"Rydell Honda of Grand Forks","dealerSlug":"rydell+honda+of+grand+forks","city_state_slug":"Grand-Forks.ND","brand":"Honda","website":"www.gfhonda.com","address":"3220 South Washington St. Bldg. A","city":"Grand Forks","state":"ND","zip":58201,"latitude":47.8887889,"longitude":-97.0463499,"phone_number_service":"7017462020","phone_number_main":"7017462020","service_hours":"Mo-Fr 07:00 - 18:00 | Sa 08:00 - 17:00","utc_offset":"-300","gplace_id":null,"gplace_url":"https://maps.google.com/?cid=3689158967170848679","dealerID":51003,"trusted":true,"image_id":"v1597284047/honda_ms.png","phone":"7017462020","cityStateSlug":"grand-forks.nd","slug":"Grand-Forks.ND/rydell+honda+of+grand+forks","location":"47.8887889,-97.0463499","brandsList":["honda"]},{"id":9031,"crm_id":113031673,"name":"Lunde Mazda of Fargo","dealerSlug":"lunde+mazda+of+fargo","city_state_slug":"Fargo.ND","brand":"Mazda","website":"www.mazdaoffargo.com","address":"140 40th St S","city":"Fargo","state":"ND","zip":58103,"latitude":46.8749513,"longitude":-96.8445505,"phone_number_service":"8774665750","phone_number_main":"8773627281","service_hours":"Mo-Fr 07:00 - 18:00 | Sa 08:00 - 17:00","utc_offset":"-300","gplace_id":null,"gplace_url":"https://maps.google.com/?cid=9007334849255660837","dealerID":76817,"trusted":false,"image_id":"v1597283937/mazda.png","phone":"8774665750","cityStateSlug":"fargo.nd","slug":"Fargo.ND/lunde+mazda+of+fargo","location":"46.8749513,-96.8445505","brandsList":["mazda"]}]