[{"id":16481,"crm_id":999,"name":"Garcia Volkswagen of Santa Fe","dealerSlug":"garcia+volkswagen+of+santa+fe","city_state_slug":"Santa-Fe.NM","brand":"Volkswagen","website":"www.volkswagenofsantafe.com","address":"2560 Camino Edward Ortiz","city":"Santa Fe","state":"NM","zip":87507,"latitude":35.6339,"longitude":-106.023,"phone_number_service":"2296862068","phone_number_main":"","service_hours":"Mo-Sa 09:00 - 18:00 | Su Closed","utc_offset":"","gplace_id":0,"gplace_url":"","dealerID":60080,"trusted":false,"image_id":"v1597283902/volkswagen.png","phone":"2296862068","cityStateSlug":"santa-fe.nm","slug":"Santa-Fe.NM/garcia+volkswagen+of+santa+fe","location":"35.6339,-106.023","brandsList":["volkswagen"]},{"id":16480,"crm_id":999,"name":"Garcia Subaru North","dealerSlug":"garcia+subaru+north","city_state_slug":"Albuquerque.NM","brand":"Subaru","website":"GarciaNorthSubaruAlbuquerque.dealer.subaru.com","address":"6401 San Mateo Blvd NE","city":"Albuquerque","state":"NM","zip":87109,"latitude":35.15062,"longitude":-106.58712,"phone_number_service":"2298967411","phone_number_main":"","service_hours":"","utc_offset":"","gplace_id":0,"gplace_url":"","dealerID":60083,"trusted":false,"image_id":"v1597283982/subaru_ms.png","phone":"2298967411","cityStateSlug":"albuquerque.nm","slug":"Albuquerque.NM/garcia+subaru+north","location":"35.15062,-106.58712","brandsList":["subaru"]},{"id":16104,"crm_id":999,"name":"Carlsbad Ford","dealerSlug":"carlsbad+ford","city_state_slug":"Carlsbad.NM","brand":"Ford","website":"www.carlsbadford.com","address":"2802 West Pierce","city":"Carlsbad","state":"NM","zip":88220,"latitude":32.446605,"longitude":-104.263295,"phone_number_service":"5758853101","phone_number_main":"","service_hours":"","utc_offset":"","gplace_id":0,"gplace_url":"","dealerID":60167,"trusted":false,"image_id":"v1597283967/ford_RM.png","phone":"5758853101","cityStateSlug":"carlsbad.nm","slug":"Carlsbad.NM/carlsbad+ford","location":"32.446605,-104.263295","brandsList":["ford"]},{"id":16573,"crm_id":999,"name":"Hatch Toyota Stateline","dealerSlug":"hatch+toyota+stateline","city_state_slug":"Silver-City.NM","brand":"Toyota","website":"www.hatchtoyotastatelline.com","address":"2750 Highway 180 E","city":"Silver City","state":"NM","zip":88061,"latitude":32.78622,"longitude":-108.246676,"phone_number_service":"8136941684","phone_number_main":"","service_hours":"","utc_offset":"","gplace_id":0,"gplace_url":"","dealerID":60279,"trusted":false,"image_id":"v1597284039/toyota_ms.png","phone":"8136941684","cityStateSlug":"silver-city.nm","slug":"Silver-City.NM/hatch+toyota+stateline","location":"32.78622,-108.246676","brandsList":["toyota"]},{"id":16571,"crm_id":999,"name":"Hatch Chrysler Dodge Jeep RAM","dealerSlug":"hatch+chrysler+dodge+jeep+ram","city_state_slug":"Silver-City.NM","brand":"Chrysler,Dodge,Jeep,RAM","website":"www.hatchcdjr.com","address":"2750 Highway 180 E","city":"Silver City","state":"NM","zip":88061,"latitude":32.786327,"longitude":-108.24636,"phone_number_service":"5755383777","phone_number_main":"","service_hours":"Mo-Fr 08:00 - 18:00 | Sa 08:30 - 18:00 | Su Closed","utc_offset":"","gplace_id":0,"gplace_url":"","dealerID":60361,"trusted":false,"image_id":"v1597283975/chrysler_RM.png","phone":"5755383777","cityStateSlug":"silver-city.nm","slug":"Silver-City.NM/hatch+chrysler+dodge+jeep+ram","location":"32.786327,-108.24636","brandsList":["chrysler","dodge","jeep","ram"]},{"id":17529,"crm_id":999,"name":"Sierra Blanca Motor Co","dealerSlug":"sierra+blanca+motor+co","city_state_slug":"Ruidoso.NM","brand":"Chrysler,Dodge,Jeep,RAM","website":"www.sierrablancamotor.net","address":"304 Highway 70","city":"Ruidoso","state":"NM","zip":88345,"latitude":33.318057,"longitude":-105.631102,"phone_number_service":"5752574081","phone_number_main":"","service_hours":"Mo-Fr 07:30 - 18:00 | Sa 07:30 - 16:30 | Su Closed","utc_offset":"","gplace_id":0,"gplace_url":"","dealerID":60366,"trusted":false,"image_id":"v1597283975/chrysler_RM.png","phone":"5752574081","cityStateSlug":"ruidoso.nm","slug":"Ruidoso.NM/sierra+blanca+motor+co","location":"33.318057,-105.631102","brandsList":["chrysler","dodge","jeep","ram"]},{"id":17391,"crm_id":999,"name":"Richland Chrysler Jeep Dodge RAM","dealerSlug":"richland+chrysler+jeep+dodge+ram","city_state_slug":"Roswell.NM","brand":"Chrysler,Dodge,Jeep,RAM","website":"www.richlandcdjr.com","address":"1309 SE Main St","city":"Roswell","state":"NM","zip":88203,"latitude":33.378189,"longitude":-104.521208,"phone_number_service":"5756223180","phone_number_main":"","service_hours":"Mo-Fr 08:00 - 19:00 | Sa 09:00 - 18:00 | Su Closed","utc_offset":"","gplace_id":0,"gplace_url":"","dealerID":60598,"trusted":false,"image_id":"v1597283975/chrysler_RM.png","phone":"5756223180","cityStateSlug":"roswell.nm","slug":"Roswell.NM/richland+chrysler+jeep+dodge+ram","location":"33.378189,-104.521208","brandsList":["chrysler","dodge","jeep","ram"]},{"id":16287,"crm_id":999,"name":"Desert Sun Chrysler Jeep Dodge RAM","dealerSlug":"desert+sun+chrysler+jeep+dodge+ram","city_state_slug":"Alamogordo.NM","brand":"Chrysler,Dodge,Jeep,RAM","website":"www.desertsunalamocdjr.com","address":"1501 Highway 70 W","city":"Alamogordo","state":"NM","zip":88310,"latitude":32.858592,"longitude":-105.998243,"phone_number_service":"5754343916","phone_number_main":"","service_hours":"Mo-Sa 08:00 - 19:00 | Su Closed","utc_offset":"","gplace_id":0,"gplace_url":"","dealerID":60662,"trusted":false,"image_id":"v1597283975/chrysler_RM.png","phone":"5754343916","cityStateSlug":"alamogordo.nm","slug":"Alamogordo.NM/desert+sun+chrysler+jeep+dodge+ram","location":"32.858592,-105.998243","brandsList":["chrysler","dodge","jeep","ram"]},{"id":17434,"crm_id":999,"name":"Roswell Hyundai","dealerSlug":"roswell+hyundai","city_state_slug":"Roswell.NM","brand":"Hyundai","website":"www.roswellhyundai.com","address":"1909 W Second Street","city":"Roswell","state":"NM","zip":88201,"latitude":33.3941944,"longitude":-104.5511478,"phone_number_service":"5756235860","phone_number_main":"","service_hours":"Mo-Fr 07:30 - 17:30 | Sa 08:00 - 16:00","utc_offset":"","gplace_id":0,"gplace_url":"","dealerID":60794,"trusted":false,"image_id":"v1597283959/hyundai_RM.png","phone":"5756235860","cityStateSlug":"roswell.nm","slug":"Roswell.NM/roswell+hyundai","location":"33.3941944,-104.5511478","brandsList":["hyundai"]},{"id":16034,"crm_id":999,"name":"Borman Hyundai","dealerSlug":"borman+hyundai","city_state_slug":"Las-Cruces.NM","brand":"Hyundai","website":"WWW.BORMANHYUNDAIOFNEWMEXICO.COM","address":"210 W. Boutz Road","city":"Las Cruces","state":"NM","zip":88004,"latitude":32.2882301,"longitude":-106.7820082,"phone_number_service":"5755254636","phone_number_main":"","service_hours":"Mo-Fr 07:00 - 18:00 | Sa 07:30 - 17:00","utc_offset":"","gplace_id":0,"gplace_url":"","dealerID":60862,"trusted":false,"image_id":"v1597283959/hyundai_RM.png","phone":"5755254636","cityStateSlug":"las-cruces.nm","slug":"Las-Cruces.NM/borman+hyundai","location":"32.2882301,-106.7820082","brandsList":["hyundai"]},{"id":17435,"crm_id":999,"name":"Roswell Nissan","dealerSlug":"roswell+nissan","city_state_slug":"Roswell.NM","brand":"Nissan","website":"www.roswellnissan.com","address":"2111 WEST 2ND STREET","city":"Roswell","state":"NM","zip":88201,"latitude":33.3941815,"longitude":-104.5537652,"phone_number_service":"5756252111","phone_number_main":"","service_hours":"Mo-Fr 08:00 - 19:00\n | Sa 09:00 - 19:00\n | Su Closed","utc_offset":"","gplace_id":0,"gplace_url":"","dealerID":60874,"trusted":false,"image_id":"v1597283926/nissan_RM.png","phone":"5756252111","cityStateSlug":"roswell.nm","slug":"Roswell.NM/roswell+nissan","location":"33.3941815,-104.5537652","brandsList":["nissan"]},{"id":17053,"crm_id":999,"name":"Mercedes-Benz of Santa Fe","dealerSlug":"mercedes+benz+of+santa+fe","city_state_slug":"Santa-Fe.NM","brand":"Mercedes-Benz","website":"www.santafe.mercedesdealer.com","address":"2586 Camino Entrada","city":"Santa Fe","state":"NM","zip":87507,"latitude":35.6338065,"longitude":-106.02231,"phone_number_service":"5059132900","phone_number_main":"8882533816","service_hours":"","utc_offset":"","gplace_id":0,"gplace_url":"","dealerID":60986,"trusted":false,"image_id":"v1597283934/mercedes_RM.png","phone":"5059132900","cityStateSlug":"santa-fe.nm","slug":"Santa-Fe.NM/mercedes+benz+of+santa+fe","location":"35.6338065,-106.02231","brandsList":["mercedes-benz"]},{"id":17019,"crm_id":999,"name":"Melloy Chrysler Jeep Dodge RAM","dealerSlug":"melloy+chrysler+jeep+dodge+ram","city_state_slug":"Los-Lunas.NM","brand":"Chrysler,Dodge,Jeep,RAM","website":"www.melloycjdr.com","address":"357 Emilio Lopez Rd NW","city":"Los Lunas","state":"NM","zip":87031,"latitude":34.815707,"longitude":-106.759283,"phone_number_service":"5058662900","phone_number_main":"","service_hours":"Mo-Fr 08:30 - 19:00 | Sa 08:30 - 18:00 | Su Closed","utc_offset":"","gplace_id":0,"gplace_url":"","dealerID":61186,"trusted":false,"image_id":"v1597283975/chrysler_RM.png","phone":"5058662900","cityStateSlug":"los-lunas.nm","slug":"Los-Lunas.NM/melloy+chrysler+jeep+dodge+ram","location":"34.815707,-106.759283","brandsList":["chrysler","dodge","jeep","ram"]},{"id":17655,"crm_id":999,"name":"Tate Branch Dodge Chrysler Jeep","dealerSlug":"tate+branch+dodge+chrysler+jeep","city_state_slug":"Hobbs.NM","brand":"Chrysler,Dodge,Jeep","website":"www.tatebranchhobbs.com","address":"4123 N Lovington Hwy","city":"Hobbs","state":"NM","zip":88210,"latitude":32.744639,"longitude":-103.167501,"phone_number_service":"5753924641","phone_number_main":"","service_hours":"Mo-Su Closed","utc_offset":"","gplace_id":0,"gplace_url":"","dealerID":61268,"trusted":false,"image_id":"v1597283975/chrysler_RM.png","phone":"5753924641","cityStateSlug":"hobbs.nm","slug":"Hobbs.NM/tate+branch+dodge+chrysler+jeep","location":"32.744639,-103.167501","brandsList":["chrysler","dodge","jeep"]},{"id":16479,"crm_id":999,"name":"Garcia Chrysler Dodge Jeep RAM Espanola","dealerSlug":"garcia+chrysler+dodge+jeep+ram+espanola","city_state_slug":"Espanola.NM","brand":"Chrysler,Dodge,Jeep,RAM","website":"www.cdjrespanola.com","address":"517 N Riverside Dr","city":"Espanola","state":"NM","zip":87532,"latitude":35.996751,"longitude":-106.064234,"phone_number_service":"5057478100","phone_number_main":"","service_hours":"Mo-Sa 08:00 - 18:00 | Su Closed","utc_offset":"","gplace_id":0,"gplace_url":"","dealerID":61372,"trusted":false,"image_id":"v1597283975/chrysler_RM.png","phone":"5057478100","cityStateSlug":"espanola.nm","slug":"Espanola.NM/garcia+chrysler+dodge+jeep+ram+espanola","location":"35.996751,-106.064234","brandsList":["chrysler","dodge","jeep","ram"]},{"id":17433,"crm_id":999,"name":"Roswell Ford","dealerSlug":"roswell+ford","city_state_slug":"Roswell.NM","brand":"Ford","website":"www.roswellford.com","address":"821 N Main Street","city":"Roswell","state":"NM","zip":88201,"latitude":33.401985,"longitude":-104.52269,"phone_number_service":"5756233673","phone_number_main":"","service_hours":"","utc_offset":"","gplace_id":0,"gplace_url":"","dealerID":61615,"trusted":false,"image_id":"v1597283967/ford_RM.png","phone":"5756233673","cityStateSlug":"roswell.nm","slug":"Roswell.NM/roswell+ford","location":"33.401985,-104.52269","brandsList":["ford"]},{"id":17792,"crm_id":999,"name":"Viva Chrysler Jeep Dodge RAM FIAT of Las Cruces","dealerSlug":"viva+chrysler+jeep+dodge+ram+fiat+of+las+cruces","city_state_slug":"Las-Cruces.NM","brand":"Chrysler,Dodge,Jeep,RAM,Fiat","website":"www.VivaDodgeRamFiat.com","address":"860 N Telshor Blvd","city":"Las Cruces","state":"NM","zip":88011,"latitude":32.329973,"longitude":-106.755721,"phone_number_service":"5755562400","phone_number_main":"","service_hours":"Mo-Sa 09:00 - 19:00 | Su 11:00 - 17:00","utc_offset":"","gplace_id":0,"gplace_url":"","dealerID":61638,"trusted":false,"image_id":"v1597283975/chrysler_RM.png","phone":"5755562400","cityStateSlug":"las-cruces.nm","slug":"Las-Cruces.NM/viva+chrysler+jeep+dodge+ram+fiat+of+las+cruces","location":"32.329973,-106.755721","brandsList":["chrysler","dodge","jeep","ram","fiat"]},{"id":17020,"crm_id":999,"name":"Melloy Dodge RAM FIAT","dealerSlug":"melloy+dodge+ram+fiat","city_state_slug":"Albuquerque.NM","brand":"Dodge,RAM,Fiat","website":"www.melloydodge.com","address":"9621 Coors Blvd NW","city":"Albuquerque","state":"NM","zip":87114,"latitude":35.188576,"longitude":-106.661528,"phone_number_service":"5058439600","phone_number_main":"","service_hours":"Mo-Sa 08:00 - 19:00 | Su 11:00 - 17:00","utc_offset":"","gplace_id":0,"gplace_url":"","dealerID":61699,"trusted":false,"image_id":"v1597283974/dodge.png","phone":"5058439600","cityStateSlug":"albuquerque.nm","slug":"Albuquerque.NM/melloy+dodge+ram+fiat","location":"35.188576,-106.661528","brandsList":["dodge","ram","fiat"]},{"id":9638,"crm_id":51925585,"name":"Melloy Nissan","dealerSlug":"melloy+nissan","city_state_slug":"Albuquerque.NM","brand":"Nissan","website":"www.melloynissan.com","address":"7707 Lomas Blvd NE","city":"Albuquerque","state":"NM","zip":87110,"latitude":35.087924,"longitude":-106.562067,"phone_number_service":"5054361233","phone_number_main":"5055456420","service_hours":"Mo-Fr 07:30 - 18:00 | Sa 07:30  - 17:30","utc_offset":"-360","gplace_id":null,"gplace_url":"https://maps.google.com/?cid=4929867469807620940","dealerID":61992,"trusted":false,"image_id":"v1597283926/nissan_RM.png","phone":"5054361233","cityStateSlug":"albuquerque.nm","slug":"Albuquerque.NM/melloy+nissan","location":"35.087924,-106.562067","brandsList":["nissan"]},{"id":4795,"crm_id":51927085,"name":"Fiesta Volkswagen","dealerSlug":"fiesta+volkswagen","city_state_slug":"Albuquerque.NM","brand":"Volkswagen","website":"www.fiestavw.com","address":"8201 Lomas Blvd NE","city":"Albuquerque","state":"NM","zip":87110,"latitude":35.087957,"longitude":-106.5551684,"phone_number_service":"8883067794","phone_number_main":"5053053100","service_hours":"Mo-Fr 08:00 - 17:00 | Sa 09:00 - 14:00","utc_offset":"-360","gplace_id":null,"gplace_url":"https://maps.google.com/?cid=7574966121177513857","dealerID":62184,"trusted":false,"image_id":"v1597283902/volkswagen.png","phone":"8883067794","cityStateSlug":"albuquerque.nm","slug":"Albuquerque.NM/fiesta+volkswagen","location":"35.087957,-106.5551684","brandsList":["volkswagen"]},{"id":13252,"crm_id":55615936,"name":"Sisbarro Autoworld","dealerSlug":"sisbarro+autoworld","city_state_slug":"Las-Cruces.NM","brand":"Volkswagen","website":"www.sisbarrovw.com","address":"1115 S Valley Dr","city":"Las Cruces","state":"NM","zip":88005,"latitude":32.2954434,"longitude":-106.786246,"phone_number_service":"8884792238","phone_number_main":"8773917603","service_hours":"Mo-Fr 07:30 - 18:00 | Sa 08:00-12:00","utc_offset":"-360","gplace_id":null,"gplace_url":"https://maps.google.com/?cid=759328118888989495","dealerID":62303,"trusted":false,"image_id":"v1597283902/volkswagen.png","phone":"8884792238","cityStateSlug":"las-cruces.nm","slug":"Las-Cruces.NM/sisbarro+autoworld","location":"32.2954434,-106.786246","brandsList":["volkswagen"]},{"id":12277,"crm_id":55617118,"name":"Rich Ford","dealerSlug":"rich+ford","city_state_slug":"Albuquerque.NM","brand":"Ford","website":"rich-ford.com","address":"8601 Lomas Blvd NE","city":"Albuquerque","state":"NM","zip":87112,"latitude":35.088254,"longitude":-106.54835,"phone_number_service":"8009176016","phone_number_main":"5052920000","service_hours":"Mo-Fr 07:00 - 18:00 | Sa 07:00 - 17:00","utc_offset":"-360","gplace_id":null,"gplace_url":"https://maps.google.com/?cid=13975396185246241631","dealerID":62304,"trusted":false,"image_id":"v1597283967/ford_RM.png","phone":"8009176016","cityStateSlug":"albuquerque.nm","slug":"Albuquerque.NM/rich+ford","location":"35.088254,-106.54835","brandsList":["ford"]},{"id":1405,"crm_id":59601031,"name":"Big Valley Automotive Ford","dealerSlug":"big+valley+automotive+ford","city_state_slug":"Portales.NM","brand":"Ford","website":"www.bigvalleyautos.com","address":"1115 N Chicago Ave","city":"Portales","state":"NM","zip":88130,"latitude":34.191714,"longitude":-103.3322037,"phone_number_service":"5753568581","phone_number_main":"5753568581","service_hours":"Mo-Fr 08:00 - 18:00 | Sa 08:00 - 17:00","utc_offset":"-360","gplace_id":null,"gplace_url":"https://maps.google.com/?cid=18259450266894590194","dealerID":62417,"trusted":false,"image_id":"v1597283967/ford_RM.png","phone":"5753568581","cityStateSlug":"portales.nm","slug":"Portales.NM/big+valley+automotive+ford","location":"34.191714,-103.3322037","brandsList":["ford"]},{"id":10719,"crm_id":59601052,"name":"Nissan of Las Cruces","dealerSlug":"nissan+of+las+cruces","city_state_slug":"Las-Cruces.NM","brand":"Nissan","website":"www.nissanoflascruces.com","address":"1801 S Main St","city":"Las Cruces","state":"NM","zip":88005,"latitude":32.2902022,"longitude":-106.7745278,"phone_number_service":"5755235571","phone_number_main":"5755235571","service_hours":"Mo-Fr 07:00 - 18:00 | Sa 07:00 - 15:00","utc_offset":"-360","gplace_id":null,"gplace_url":"https://maps.google.com/?cid=12999183043912404924","dealerID":62420,"trusted":false,"image_id":"v1597283926/nissan_RM.png","phone":"5755235571","cityStateSlug":"las-cruces.nm","slug":"Las-Cruces.NM/nissan+of+las+cruces","location":"32.2902022,-106.7745278","brandsList":["nissan"]},{"id":14035,"crm_id":60526756,"name":"Tate Branch Carlsbad","dealerSlug":"tate+branch+carlsbad","city_state_slug":"Carlsbad.NM","brand":"Chrysler,Dodge,Jeep,RAM","website":"www.tatebranchchryslerdodgejeepram.com","address":"1044 N Canal St","city":"Carlsbad","state":"NM","zip":88220,"latitude":32.4336104,"longitude":-104.2284213,"phone_number_service":"5758875555","phone_number_main":"5758875555","service_hours":"Mo-Fr 07:30 - 17:30 | Sa 08:00-14:00","utc_offset":"-360","gplace_id":null,"gplace_url":"https://maps.google.com/?cid=9948623839790460493","dealerID":62451,"trusted":false,"image_id":"v1597283975/chrysler_RM.png","phone":"5758875555","cityStateSlug":"carlsbad.nm","slug":"Carlsbad.NM/tate+branch+carlsbad","location":"32.4336104,-104.2284213","brandsList":["chrysler","dodge","jeep","ram"]},{"id":13253,"crm_id":62106748,"name":"Sisbarro Buick GMC","dealerSlug":"sisbarro+buick+gmc","city_state_slug":"Las-Cruces.NM","brand":"Buick,GMC","website":"www.sisbarro-buickgmc.com","address":"425 W Boutz Rd","city":"Las Cruces","state":"NM","zip":88005,"latitude":32.288395,"longitude":-106.780954,"phone_number_service":"8002442603","phone_number_main":"8002158021","service_hours":"Mo-Fr 07:30 - 18:00 | Sa 08:00 - 12:00","utc_offset":"-360","gplace_id":null,"gplace_url":"https://maps.google.com/?cid=7853851496029613074","dealerID":62485,"trusted":false,"image_id":"v1597283981/buick_RM.png","phone":"8002442603","cityStateSlug":"las-cruces.nm","slug":"Las-Cruces.NM/sisbarro+buick+gmc","location":"32.288395,-106.780954","brandsList":["buick","gmc"]},{"id":1220,"crm_id":67034065,"name":"Bender Honda","dealerSlug":"bender+honda","city_state_slug":"Clovis.NM","brand":"Honda","website":"benderhonda.com","address":"3000 Mabry Dr","city":"Clovis","state":"NM","zip":88101,"latitude":34.3960785,"longitude":-103.1653459,"phone_number_service":"5757623701","phone_number_main":"5757623701","service_hours":"Mo-Fr 07:30 - 17:30","utc_offset":"-360","gplace_id":null,"gplace_url":"https://maps.google.com/?cid=10432242935748295105","dealerID":63333,"trusted":false,"image_id":"v1597284047/honda_ms.png","phone":"5757623701","cityStateSlug":"clovis.nm","slug":"Clovis.NM/bender+honda","location":"34.3960785,-103.1653459","brandsList":["honda"]},{"id":1221,"crm_id":67034104,"name":"Bender Nissan","dealerSlug":"bender+nissan","city_state_slug":"Clovis.NM","brand":"Nissan","website":"bendernissan.com","address":"3000 Mabry Dr","city":"Clovis","state":"NM","zip":88101,"latitude":34.3957202,"longitude":-103.1653166,"phone_number_service":"5757623701","phone_number_main":"5757623701","service_hours":"Mo-Fr 07:30 - 17:30","utc_offset":"-360","gplace_id":null,"gplace_url":"https://maps.google.com/?cid=9074481121214318966","dealerID":63343,"trusted":false,"image_id":"v1597283926/nissan_RM.png","phone":"5757623701","cityStateSlug":"clovis.nm","slug":"Clovis.NM/bender+nissan","location":"34.3957202,-103.1653166","brandsList":["nissan"]},{"id":9636,"crm_id":67034185,"name":"Melloy Ford","dealerSlug":"melloy+ford","city_state_slug":"Los-Lunas.NM","brand":"Ford","website":"www.melloyford.com","address":"499 Emilio Lopez Rd","city":"Los Lunas","state":"NM","zip":87031,"latitude":34.8184169,"longitude":-106.7584416,"phone_number_service":"8669904743","phone_number_main":"5058663185","service_hours":"Mo-Fr 07:00 - 18:00 | Sa 08:00 - 17:00","utc_offset":"-360","gplace_id":null,"gplace_url":"https://maps.google.com/?cid=14303415334465791581","dealerID":63362,"trusted":false,"image_id":"v1597283967/ford_RM.png","phone":"8669904743","cityStateSlug":"los-lunas.nm","slug":"Los-Lunas.NM/melloy+ford","location":"34.8184169,-106.7584416","brandsList":["ford"]},{"id":11400,"crm_id":67034206,"name":"Perfection Honda","dealerSlug":"perfection+honda","city_state_slug":"Rio-Rancho.NM","brand":"Honda","website":"www.perfectionhonda.com","address":"2603 American Rd SE","city":"Rio Rancho","state":"NM","zip":87124,"latitude":35.21321,"longitude":-106.661323,"phone_number_service":"5052215069","phone_number_main":"5052215084","service_hours":"Mo-Fr 07:00 - 18:00 | Sa 08:00 - 17:00","utc_offset":"-360","gplace_id":null,"gplace_url":"https://maps.google.com/?cid=18027106301498092478","dealerID":63369,"trusted":false,"image_id":"v1597284047/honda_ms.png","phone":"5052215069","cityStateSlug":"rio-rancho.nm","slug":"Rio-Rancho.NM/perfection+honda","location":"35.21321,-106.661323","brandsList":["honda"]},{"id":8745,"crm_id":67035178,"name":"Lexus of Santa Fe","dealerSlug":"lexus+of+santa+fe","city_state_slug":"Santa-Fe.NM","brand":"Lexus","website":"www.lexusofsantafe.com","address":"6824 Cerrillos Rd","city":"Santa Fe","state":"NM","zip":87507,"latitude":35.6210098,"longitude":-106.0271911,"phone_number_service":"5754892450","phone_number_main":"5754892400","service_hours":"Mo-Fr 07:00 - 18:00 | Sa 09:00 - 13:00","utc_offset":"-360","gplace_id":null,"gplace_url":"https://maps.google.com/?cid=330294455459526187","dealerID":63634,"trusted":false,"image_id":"v1597284042/lexus_ms.png","phone":"5754892450","cityStateSlug":"santa-fe.nm","slug":"Santa-Fe.NM/lexus+of+santa+fe","location":"35.6210098,-106.0271911","brandsList":["lexus"]},{"id":6426,"crm_id":67035898,"name":"Hi-Country Buick GMC","dealerSlug":"hi+country+buick+gmc","city_state_slug":"Farmington.NM","brand":"Buick,GMC","website":"www.truck-guys.com","address":"1700 San Juan Blvd","city":"Farmington","state":"NM","zip":87401,"latitude":36.734538,"longitude":-108.1863016,"phone_number_service":"8669041322","phone_number_main":"8777143235","service_hours":"Mo-Fr 09:00 - 17:00","utc_offset":"-360","gplace_id":null,"gplace_url":"https://maps.google.com/?cid=8980770075998563817","dealerID":63835,"trusted":false,"image_id":"v1597283981/buick_RM.png","phone":"8669041322","cityStateSlug":"farmington.nm","slug":"Farmington.NM/hi+country+buick+gmc","location":"36.734538,-108.1863016","brandsList":["buick","gmc"]},{"id":15773,"crm_id":67035973,"name":"Ziems Ford Corners","dealerSlug":"ziems+ford+corners","city_state_slug":"Farmington.NM","brand":"Ford","website":"www.ziemsfordcorners.com","address":"5700 E Main St","city":"Farmington","state":"NM","zip":87402,"latitude":36.773476,"longitude":-108.137096,"phone_number_service":"8882751894","phone_number_main":"8883759581","service_hours":"Mo-Fr 05:00 - 00:00 | Sa 08:00 - 17:00","utc_offset":"-360","gplace_id":null,"gplace_url":"https://maps.google.com/?cid=6787074291869682712","dealerID":63858,"trusted":false,"image_id":"v1597283967/ford_RM.png","phone":"8882751894","cityStateSlug":"farmington.nm","slug":"Farmington.NM/ziems+ford+corners","location":"36.773476,-108.137096","brandsList":["ford"]},{"id":12683,"crm_id":67035991,"name":"Ruidoso Ford Lincoln","dealerSlug":"ruidoso+ford+lincoln","city_state_slug":"Ruidoso.NM","brand":"Ford,Lincoln","website":"www.ruidosoford.com","address":"107 Highway 70","city":"Ruidoso","state":"NM","zip":88345,"latitude":33.3246902,"longitude":-105.623796,"phone_number_service":"8777529852","phone_number_main":"5753784400","service_hours":"Mo-Fr 07:30 - 17:30 | Sa 07:30 - 12:00","utc_offset":"-360","gplace_id":null,"gplace_url":"https://maps.google.com/?cid=132133911993094211","dealerID":63861,"trusted":false,"image_id":"v1597283967/ford_RM.png","phone":"8777529852","cityStateSlug":"ruidoso.nm","slug":"Ruidoso.NM/ruidoso+ford+lincoln","location":"33.3246902,-105.623796","brandsList":["ford","lincoln"]},{"id":8674,"crm_id":67036834,"name":"Lexus of Albuquerque","dealerSlug":"lexus+of+albuquerque","city_state_slug":"Albuquerque.NM","brand":"Lexus","website":"www.lexusofalbuquerque.com","address":"4821 Pan American Fwy","city":"Albuquerque","state":"NM","zip":87109,"latitude":35.1378414,"longitude":-106.6032643,"phone_number_service":"5754892350","phone_number_main":"5754892300","service_hours":"Mo-Fr 07:00 - 18:00 | Sa 08:00 - 15:00","utc_offset":"-360","gplace_id":null,"gplace_url":"https://maps.google.com/?cid=1890968161581305879","dealerID":64091,"trusted":false,"image_id":"v1597284042/lexus_ms.png","phone":"5754892350","cityStateSlug":"albuquerque.nm","slug":"Albuquerque.NM/lexus+of+albuquerque","location":"35.1378414,-106.6032643","brandsList":["lexus"]},{"id":10270,"crm_id":67037107,"name":"Montano Acura","dealerSlug":"montano+acura","city_state_slug":"Albuquerque.NM","brand":"Acura","website":"montanoacura.com","address":"1200 S Renaissance Blvd NE","city":"Albuquerque","state":"NM","zip":87107,"latitude":35.1345654,"longitude":-106.6202528,"phone_number_service":"5053458741","phone_number_main":"5053458741","service_hours":"Mo-Fr 07:30 - 17:00 | Sa 07:30-19:00","utc_offset":"-360","gplace_id":null,"gplace_url":"https://maps.google.com/?cid=3007192933978991517","dealerID":64165,"trusted":false,"image_id":"v1597283988/acura.png","phone":"5053458741","cityStateSlug":"albuquerque.nm","slug":"Albuquerque.NM/montano+acura","location":"35.1345654,-106.6202528","brandsList":["acura"]},{"id":11640,"crm_id":67037182,"name":"Porsche Albuquerque","dealerSlug":"porsche+albuquerque","city_state_slug":"Albuquerque.NM","brand":"Porsche","website":"albuquerque.porschedealer.com","address":"8900 Pan American Fwy NE","city":"Albuquerque","state":"NM","zip":87113,"latitude":35.186305,"longitude":-106.579396,"phone_number_service":"5058214000","phone_number_main":"5058214000","service_hours":"Mo-Fr 07:30 - 17:30 | Sa 08:00 - 16:00","utc_offset":"-360","gplace_id":null,"gplace_url":"https://maps.google.com/?cid=5696517472687058975","dealerID":64188,"trusted":false,"image_id":"v1597283919/porsche.jpg","phone":"5058214000","cityStateSlug":"albuquerque.nm","slug":"Albuquerque.NM/porsche+albuquerque","location":"35.186305,-106.579396","brandsList":["porsche"]},{"id":6044,"crm_id":67037428,"name":"Hamilton Ford","dealerSlug":"hamilton+ford","city_state_slug":"Clovis.NM","brand":"Ford","website":"www.hamiltonfordcountry.com","address":"2400 E Mabry Drive","city":"Clovis","state":"NM","zip":88101,"latitude":34.3970304,"longitude":-103.1745908,"phone_number_service":"8886869969","phone_number_main":"5757624427","service_hours":"Mo-Fr 07:00 - 17:30 | Sa 08:00 - 13:00","utc_offset":"-360","gplace_id":null,"gplace_url":"https://maps.google.com/?cid=14529001118584463134","dealerID":64256,"trusted":false,"image_id":"v1597283967/ford_RM.png","phone":"8886869969","cityStateSlug":"clovis.nm","slug":"Clovis.NM/hamilton+ford","location":"34.3970304,-103.1745908","brandsList":["ford"]},{"id":11426,"crm_id":67037998,"name":"Permian Ford","dealerSlug":"permian+ford","city_state_slug":"Hobbs.NM","brand":"Ford","website":"www.permianford.net","address":"1000 N Dal Paso St","city":"Hobbs","state":"NM","zip":88240,"latitude":32.7106003,"longitude":-103.1265394,"phone_number_service":"8883224103","phone_number_main":"5753936176","service_hours":"Mo-Fr 07:00 - 17:00 |  Sa 07:00 - 17:00","utc_offset":"-360","gplace_id":null,"gplace_url":"https://maps.google.com/?cid=18286421826066684646","dealerID":64421,"trusted":false,"image_id":"v1597283967/ford_RM.png","phone":"8883224103","cityStateSlug":"hobbs.nm","slug":"Hobbs.NM/permian+ford","location":"32.7106003,-103.1265394","brandsList":["ford"]},{"id":2759,"crm_id":67038271,"name":"Chalmers Ford","dealerSlug":"chalmers+ford","city_state_slug":"Rio-Rancho.NM","brand":"Ford","website":"www.chalmersford.com","address":"2500 Rio Rancho Blvd SE","city":"Rio Rancho","state":"NM","zip":87124,"latitude":35.2159182,"longitude":-106.6617727,"phone_number_service":"5053731727","phone_number_main":"5057156145","service_hours":"Mo-Fr 07:00 - 19:00 | Sa 08:00 - 17:00","utc_offset":"-360","gplace_id":null,"gplace_url":"https://maps.google.com/?cid=5570377198259571841","dealerID":64493,"trusted":false,"image_id":"v1597283967/ford_RM.png","phone":"5053731727","cityStateSlug":"rio-rancho.nm","slug":"Rio-Rancho.NM/chalmers+ford","location":"35.2159182,-106.6617727","brandsList":["ford"]},{"id":3325,"crm_id":67038376,"name":"Corley Nissan","dealerSlug":"corley+nissan","city_state_slug":"Gallup.NM","brand":"Nissan","website":"www.corleynissan.com","address":"1000 W Jefferson Ave","city":"Gallup","state":"NM","zip":87301,"latitude":35.5370721,"longitude":-108.756503,"phone_number_service":"5058636163","phone_number_main":"5058636163","service_hours":"Mo-Sa 08:00 - 17:00","utc_offset":"-360","gplace_id":null,"gplace_url":"https://maps.google.com/?cid=7911847567806879874","dealerID":64524,"trusted":false,"image_id":"v1597283926/nissan_RM.png","phone":"5058636163","cityStateSlug":"gallup.nm","slug":"Gallup.NM/corley+nissan","location":"35.5370721,-108.756503","brandsList":["nissan"]},{"id":3326,"crm_id":67038793,"name":"Corley's Albuquerque Lincoln","dealerSlug":"corleys+albuquerque+lincoln","city_state_slug":"Albuquerque.NM","brand":"Lincoln","website":"www.corleynewmexico.com","address":"9000 Pan American Fwy","city":"Albuquerque","state":"NM","zip":87113,"latitude":35.1877717,"longitude":-106.578979,"phone_number_service":"8884402198","phone_number_main":"8884402198","service_hours":"Mo-Fr 07:30 - 17:00 | Sa 08:00 - 17:00","utc_offset":"-360","gplace_id":null,"gplace_url":"https://maps.google.com/?cid=18431799196699482986","dealerID":64638,"trusted":false,"image_id":"v1597283942/lincoln_RM.png","phone":"8884402198","cityStateSlug":"albuquerque.nm","slug":"Albuquerque.NM/corleys+albuquerque+lincoln","location":"35.1877717,-106.578979","brandsList":["lincoln"]},{"id":6682,"crm_id":67038805,"name":"Horace Nissan","dealerSlug":"horace+nissan","city_state_slug":"Farmington.NM","brand":"Nissan","website":"www.horacenissan.com","address":"4300 E Main St","city":"Farmington","state":"NM","zip":87402,"latitude":36.7608096,"longitude":-108.1562912,"phone_number_service":"5053270366","phone_number_main":"5053270366","service_hours":"Mo-Th  08:00 - 17:30 | Fr 08:00 - 17:00 | Sa  08:00 - 12:00","utc_offset":"-360","gplace_id":null,"gplace_url":"https://maps.google.com/?cid=9185974147316894300","dealerID":64642,"trusted":false,"image_id":"v1597283926/nissan_RM.png","phone":"5053270366","cityStateSlug":"farmington.nm","slug":"Farmington.NM/horace+nissan","location":"36.7608096,-108.1562912","brandsList":["nissan"]},{"id":8466,"crm_id":67039120,"name":"Larry H. Miller Toyota Albuquerque","dealerSlug":"larry+h+miller+toyota+albuquerque","city_state_slug":"Albuquerque.NM","brand":"Toyota","website":"www.toyotaabq.com","address":"10401 Copper Ave. NE","city":"Albuquerque","state":"NM","zip":87123,"latitude":35.0815492,"longitude":-106.5309543,"phone_number_service":"8666383350","phone_number_main":"5055458699","service_hours":"Mo-Fr 07:00 - 18:00 | Sa 07:30 - 17:00","utc_offset":"-360","gplace_id":null,"gplace_url":"https://maps.google.com/?cid=5834506700059481863","dealerID":64727,"trusted":false,"image_id":"v1597284039/toyota_ms.png","phone":"8666383350","cityStateSlug":"albuquerque.nm","slug":"Albuquerque.NM/larry+h+miller+toyota+albuquerque","location":"35.0815492,-106.5309543","brandsList":["toyota"]},{"id":11975,"crm_id":67039462,"name":"Quality Buick GMC","dealerSlug":"quality+buick+gmc","city_state_slug":"Albuquerque.NM","brand":"Buick,GMC","website":"qualitybydilorenzo.com","address":"7901 Lomas Blvd","city":"Albuquerque","state":"NM","zip":87110,"latitude":35.0879413,"longitude":-106.5587542,"phone_number_service":"8663416218","phone_number_main":"5057651300","service_hours":"Mo-Fr 07:00 - 18:00 | Sa 07:30 - 13:30","utc_offset":"-360","gplace_id":null,"gplace_url":"https://maps.google.com/?cid=14559952078091051058","dealerID":64816,"trusted":false,"image_id":"v1597283981/buick_RM.png","phone":"8663416218","cityStateSlug":"albuquerque.nm","slug":"Albuquerque.NM/quality+buick+gmc","location":"35.0879413,-106.5587542","brandsList":["buick","gmc"]},{"id":1219,"crm_id":67039540,"name":"Bender Chrysler Dodge Jeep","dealerSlug":"bender+chrysler+dodge+jeep","city_state_slug":"Clovis.NM","brand":"Chrysler,Dodge,Jeep,RAM","website":"www.benderchryslerdodge.net","address":"3400 Mabry Dr","city":"Clovis","state":"NM","zip":88101,"latitude":34.3957098,"longitude":-103.1615467,"phone_number_service":"5752650076","phone_number_main":"5752653962","service_hours":"Mo-Fr 07:30 - 17:30","utc_offset":"-360","gplace_id":null,"gplace_url":"https://maps.google.com/?cid=9505737994864311164","dealerID":64840,"trusted":false,"image_id":"v1597283975/chrysler_RM.png","phone":"5752650076","cityStateSlug":"clovis.nm","slug":"Clovis.NM/bender+chrysler+dodge+jeep","location":"34.3957098,-103.1615467","brandsList":["chrysler","dodge","jeep","ram"]},{"id":14251,"crm_id":67039618,"name":"Tillery Buick GMC","dealerSlug":"tillery+buick+gmc","city_state_slug":"Los-Lunas.NM","brand":"Buick,GMC","website":"www.tillerybuickgmc.com","address":"2221 Autumn Brush Rd NW","city":"Los Lunas","state":"NM","zip":87031,"latitude":34.8183828,"longitude":-106.7611072,"phone_number_service":"5058597320","phone_number_main":"5058597785","service_hours":"Mo-Fr 07:30 - 17:00 | Sa 08:00-14:00","utc_offset":"-360","gplace_id":null,"gplace_url":"https://maps.google.com/?cid=15549766694874907121","dealerID":64865,"trusted":false,"image_id":"v1597283981/buick_RM.png","phone":"5058597320","cityStateSlug":"los-lunas.nm","slug":"Los-Lunas.NM/tillery+buick+gmc","location":"34.8183828,-106.7611072","brandsList":["buick","gmc"]},{"id":1406,"crm_id":67039888,"name":"Big Valley Automotive","dealerSlug":"big+valley+automotive","city_state_slug":"Portales.NM","brand":"Chrysler,Dodge,Jeep,RAM","website":"www.bigvalleyautochryslerdodgejeep.com","address":"1115 N Chicago Ave","city":"Portales","state":"NM","zip":88130,"latitude":34.191714,"longitude":-103.3322037,"phone_number_service":"5756134694","phone_number_main":"5753568581","service_hours":"Mo-Fr 08:00 - 18:00 | Sa 08:00 - 14:45","utc_offset":"-360","gplace_id":null,"gplace_url":"https://maps.google.com/?cid=18259450266894590194","dealerID":64935,"trusted":false,"image_id":"v1597283975/chrysler_RM.png","phone":"5756134694","cityStateSlug":"portales.nm","slug":"Portales.NM/big+valley+automotive","location":"34.191714,-103.3322037","brandsList":["chrysler","dodge","jeep","ram"]},{"id":14252,"crm_id":67039918,"name":"Tillery Chevrolet GMC","dealerSlug":"tillery+chevrolet+gmc","city_state_slug":"West-Moriarty.NM","brand":"Chevrolet,GMC","website":"www.tillerychevrolet.com","address":"1400 U.S. Route 66","city":"West Moriarty","state":"NM","zip":87035,"latitude":35.0074357,"longitude":-106.0599766,"phone_number_service":"5058323631","phone_number_main":"5058323027","service_hours":"Mo-Fr 07:30 - 17:30","utc_offset":"-360","gplace_id":null,"gplace_url":"https://maps.google.com/?cid=9215281802865172173","dealerID":64944,"trusted":false,"image_id":"v1597284079/chevy_ms.png","phone":"5058323631","cityStateSlug":"west-moriarty.nm","slug":"West-Moriarty.NM/tillery+chevrolet+gmc","location":"35.0074357,-106.0599766","brandsList":["chevrolet","gmc"]},{"id":12278,"crm_id":67041790,"name":"Rich Ford Edgewood","dealerSlug":"rich+ford+edgewood","city_state_slug":"Edgewood.NM","brand":"Ford","website":"richfordedgewood.com","address":"19 Plaza Loop","city":"Edgewood","state":"NM","zip":87015,"latitude":35.0640983,"longitude":-106.1944275,"phone_number_service":"8006739935","phone_number_main":"8006739935","service_hours":"Mo-Fr 07:00 - 18:00 | Sa 08:00 - 17:00","utc_offset":"-360","gplace_id":null,"gplace_url":"https://maps.google.com/?cid=12579558580291793232","dealerID":65432,"trusted":false,"image_id":"v1597283967/ford_RM.png","phone":"8006739935","cityStateSlug":"edgewood.nm","slug":"Edgewood.NM/rich+ford+edgewood","location":"35.0640983,-106.1944275","brandsList":["ford"]},{"id":11983,"crm_id":67043848,"name":"Quality Mazda","dealerSlug":"quality+mazda","city_state_slug":"Albuquerque.NM","brand":"Mazda","website":"www.qualitymazdanm.com","address":"8101 Lomas Blvd NE","city":"Albuquerque","state":"NM","zip":87110,"latitude":35.0879229,"longitude":-106.5564017,"phone_number_service":"8662435421","phone_number_main":"8442105518","service_hours":"Mo-Fr 07:00 - 16:00 | Sa 07:30 - 13:30","utc_offset":"-360","gplace_id":null,"gplace_url":"https://maps.google.com/?cid=12093343781933851420","dealerID":65999,"trusted":false,"image_id":"v1597283937/mazda.png","phone":"8662435421","cityStateSlug":"albuquerque.nm","slug":"Albuquerque.NM/quality+mazda","location":"35.0879229,-106.5564017","brandsList":["mazda"]},{"id":3963,"crm_id":67044319,"name":"Desert Sun Honda","dealerSlug":"desert+sun+honda","city_state_slug":"Alamogordo.NM","brand":"Honda","website":"www.desertsunhonda.com/","address":"1501 Hwy 70 W","city":"Alamogordo","state":"NM","zip":88310,"latitude":32.8586078,"longitude":-105.9982798,"phone_number_service":"5752682376","phone_number_main":"8772701730","service_hours":"Mo-Fr 07:30 - 17:30 | Sa 09:00 - 14:00","utc_offset":"-360","gplace_id":null,"gplace_url":"https://maps.google.com/?cid=6845039236318367680","dealerID":66123,"trusted":false,"image_id":"v1597284047/honda_ms.png","phone":"5752682376","cityStateSlug":"alamogordo.nm","slug":"Alamogordo.NM/desert+sun+honda","location":"32.8586078,-105.9982798","brandsList":["honda"]},{"id":13205,"crm_id":67044511,"name":"Sierra Blanca Motors","dealerSlug":"sierra+blanca+motors","city_state_slug":"Ruidoso.NM","brand":"Cadillac","website":"www.sierrablancacadillac.com/","address":"304 Highway 70","city":"Ruidoso","state":"NM","zip":88355,"latitude":33.3188924,"longitude":-105.6304894,"phone_number_service":"8667213531","phone_number_main":"5752574081","service_hours":"Mo-Fr 07:30 - 17:30 | Sa 07:30 - 13:00","utc_offset":"-360","gplace_id":null,"gplace_url":"https://maps.google.com/?cid=3269335563206481289","dealerID":66174,"trusted":false,"image_id":"v1597283980/cadillac.png","phone":"8667213531","cityStateSlug":"ruidoso.nm","slug":"Ruidoso.NM/sierra+blanca+motors","location":"33.3188924,-105.6304894","brandsList":["cadillac"]},{"id":14393,"crm_id":67046500,"name":"Town and Country Chevrolet of Taos","dealerSlug":"town+and+country+chevrolet+of+taos","city_state_slug":"Taos.NM","brand":"Chevrolet","website":"www.taoschevy.com/","address":"1040 Paseo Del Pueblo Sur","city":"Taos","state":"NM","zip":87571,"latitude":36.38356,"longitude":-105.5876215,"phone_number_service":"5757582252","phone_number_main":"5757582252","service_hours":"Mo-Fr 07:30 - 17:30","utc_offset":"-360","gplace_id":null,"gplace_url":"https://maps.google.com/?cid=6654105470620584811","dealerID":66695,"trusted":false,"image_id":"v1597284079/chevy_ms.png","phone":"5757582252","cityStateSlug":"taos.nm","slug":"Taos.NM/town+and+country+chevrolet+of+taos","location":"36.38356,-105.5876215","brandsList":["chevrolet"]},{"id":1218,"crm_id":67046602,"name":"Bender Chevrolet Buick GMC Cadillac","dealerSlug":"bender+chevrolet+buick+gmc+cadillac","city_state_slug":"Clovis.NM","brand":"Buick,Cadillac,Chevrolet,GMC","website":"benderchevycadillac.com","address":"2500 Mabry Dr","city":"Clovis","state":"NM","zip":88101,"latitude":34.3966667,"longitude":-103.1730556,"phone_number_service":"5752194724","phone_number_main":"5752194723","service_hours":"Mo-Fr 07:30 - 17:30","utc_offset":"-360","gplace_id":null,"gplace_url":"https://maps.google.com/?cid=16668069269120529823","dealerID":66724,"trusted":false,"image_id":"v1597283981/buick_RM.png","phone":"5752194724","cityStateSlug":"clovis.nm","slug":"Clovis.NM/bender+chevrolet+buick+gmc+cadillac","location":"34.3966667,-103.1730556","brandsList":["buick","cadillac","chevrolet","gmc"]},{"id":5385,"crm_id":67050058,"name":"Garcia INFINITI","dealerSlug":"garcia+infiniti","city_state_slug":"Albuquerque.NM","brand":"INFINITI","website":"www.garciainfiniti.com","address":"1234 S Renaissance Blvd NE","city":"Albuquerque","state":"NM","zip":87107,"latitude":35.1332475,"longitude":-106.6185345,"phone_number_service":"5052173001","phone_number_main":"5052173000","service_hours":"Mo-Fr 07:00 - 17:30 | Sa 09:00 - 15:00","utc_offset":"-360","gplace_id":null,"gplace_url":"https://maps.google.com/?cid=11931273292788142908","dealerID":67666,"trusted":false,"image_id":"v1597283957/infiniti_RM.png","phone":"5052173001","cityStateSlug":"albuquerque.nm","slug":"Albuquerque.NM/garcia+infiniti","location":"35.1332475,-106.6185345","brandsList":["infiniti"]},{"id":8421,"crm_id":67050166,"name":"Larry H. Miller Casa Chevrolet","dealerSlug":"larry+h+miller+casa+chevrolet","city_state_slug":"Albuquerque.NM","brand":"Chevrolet","website":"www.lhmcasachevroletalbuquerque.com","address":"7201 Lomas Blvd.","city":"Albuquerque","state":"NM","zip":87110,"latitude":35.0878897,"longitude":-106.5661245,"phone_number_service":"5056332367","phone_number_main":"5056332215","service_hours":"Mo-Fr 07:00 - 18:00 | Sa 08:00 - 17:00","utc_offset":"-360","gplace_id":null,"gplace_url":"https://maps.google.com/?cid=863074562312722614","dealerID":67698,"trusted":false,"image_id":"v1597284079/chevy_ms.png","phone":"5056332367","cityStateSlug":"albuquerque.nm","slug":"Albuquerque.NM/larry+h+miller+casa+chevrolet","location":"35.0878897,-106.5661245","brandsList":["chevrolet"]},{"id":14536,"crm_id":67050676,"name":"Toyota of Santa Fe","dealerSlug":"toyota+of+santa+fe","city_state_slug":"Santa-Fe.NM","brand":"Toyota","website":"toyotaofsantafe.com","address":"1601 St Michaels Dr","city":"Santa Fe","state":"NM","zip":87505,"latitude":35.660915,"longitude":-105.975142,"phone_number_service":"5057804767","phone_number_main":"5053952996","service_hours":"Mo-Fr 07:00 - 17:30 | Sa 08:00 - 17:00","utc_offset":"-360","gplace_id":null,"gplace_url":"https://maps.google.com/?cid=15007687809475248811","dealerID":67838,"trusted":false,"image_id":"v1597284039/toyota_ms.png","phone":"5057804767","cityStateSlug":"santa-fe.nm","slug":"Santa-Fe.NM/toyota+of+santa+fe","location":"35.660915,-105.975142","brandsList":["toyota"]},{"id":5942,"crm_id":67052437,"name":"Gurley Motor Company","dealerSlug":"gurley+motor+company","city_state_slug":"Gallup.NM","brand":"Ford","website":"www.gurleymotorford.com","address":"701 W Coal Ave","city":"Gallup","state":"NM","zip":87301,"latitude":35.5250018,"longitude":-108.749146,"phone_number_service":"8774773994","phone_number_main":"5057226621","service_hours":"Mo-Fr 08:00 - 17:00 | Sa 08:00 - 15:00","utc_offset":"-360","gplace_id":null,"gplace_url":"https://maps.google.com/?cid=9438517519689555243","dealerID":68313,"trusted":false,"image_id":"v1597283967/ford_RM.png","phone":"8774773994","cityStateSlug":"gallup.nm","slug":"Gallup.NM/gurley+motor+company","location":"35.5250018,-108.749146","brandsList":["ford"]},{"id":8422,"crm_id":67053208,"name":"Larry H. Miller Casa Chrysler Jeep","dealerSlug":"larry+h+miller+casa+chrysler+jeep","city_state_slug":"Albuquerque.NM","brand":"Chrysler,Jeep","website":"www.lhmcasajeepalbuquerque.com","address":"9733 Coors Blvd NW","city":"Albuquerque","state":"NM","zip":87114,"latitude":35.1908268,"longitude":-106.6594362,"phone_number_service":"5055703808","phone_number_main":"5056332050","service_hours":"Mo-Fr 07:00 - 18:00 | Sa 08:00 - 17:00","utc_offset":"-360","gplace_id":null,"gplace_url":"https://maps.google.com/?cid=6998345403289524358","dealerID":68529,"trusted":false,"image_id":"v1597283975/chrysler_RM.png","phone":"5055703808","cityStateSlug":"albuquerque.nm","slug":"Albuquerque.NM/larry+h+miller+casa+chrysler+jeep","location":"35.1908268,-106.6594362","brandsList":["chrysler","jeep"]},{"id":15304,"crm_id":67053691,"name":"Webb Toyota","dealerSlug":"webb+toyota","city_state_slug":"Farmington.NM","brand":"Toyota","website":"www.webbtoyota.com","address":"3701 E Main St","city":"Farmington","state":"NM","zip":87402,"latitude":36.753136,"longitude":-108.156137,"phone_number_service":"5055160495","phone_number_main":"5053275900","service_hours":"Mo-Fr 07:30 - 17:30 | Sa 07:30-14:00","utc_offset":"-360","gplace_id":null,"gplace_url":"https://maps.google.com/?cid=9931672022883186899","dealerID":68662,"trusted":false,"image_id":"v1597284039/toyota_ms.png","phone":"5055160495","cityStateSlug":"farmington.nm","slug":"Farmington.NM/webb+toyota","location":"36.753136,-108.156137","brandsList":["toyota"]},{"id":5340,"crm_id":67055323,"name":"Galles Chevrolet","dealerSlug":"galles+chevrolet","city_state_slug":"Albuquerque.NM","brand":"Chevrolet","website":"www.galleschevy.com","address":"2801 University Blvd.","city":"Albuquerque","state":"NM","zip":87107,"latitude":35.112353,"longitude":-106.6236456,"phone_number_service":"5053721291","phone_number_main":"5057666800","service_hours":"Mo-Fr 07:00 - 18:00 | Sa 08:00 - 17:00","utc_offset":"-360","gplace_id":null,"gplace_url":"https://maps.google.com/?cid=3234736806048829072","dealerID":69111,"trusted":false,"image_id":"v1597284079/chevy_ms.png","phone":"5053721291","cityStateSlug":"albuquerque.nm","slug":"Albuquerque.NM/galles+chevrolet","location":"35.112353,-106.6236456","brandsList":["chevrolet"]},{"id":12610,"crm_id":67055398,"name":"Roswell Honda","dealerSlug":"roswell+honda","city_state_slug":"Roswell.NM","brand":"Honda","website":"www.roswellhonda.com","address":"2177 W 2nd St","city":"Roswell","state":"NM","zip":88201,"latitude":33.3948156,"longitude":-104.5549061,"phone_number_service":"5756226850","phone_number_main":"5756226850","service_hours":"Mo-Fr 07:30 - 18:00 | Sa 08:00 - 17:00","utc_offset":"-360","gplace_id":null,"gplace_url":"https://maps.google.com/?cid=499941393794055064","dealerID":69135,"trusted":false,"image_id":"v1597284047/honda_ms.png","phone":"5756226850","cityStateSlug":"roswell.nm","slug":"Roswell.NM/roswell+honda","location":"33.3948156,-104.5549061","brandsList":["honda"]},{"id":13254,"crm_id":67056628,"name":"Sisbarro Chevrolet Buick","dealerSlug":"sisbarro+chevrolet+buick","city_state_slug":"Deming.NM","brand":"Buick,Chevrolet,GMC","website":"www.sisbarrogmdeming.com","address":"4211 NM Hwy 549","city":"Deming","state":"NM","zip":88030,"latitude":32.2692202,"longitude":-107.7127722,"phone_number_service":"5755455572","phone_number_main":"5755466595","service_hours":"Mo-Fr 07:30 - 18:00 | Sa 08:00-12:00","utc_offset":"-360","gplace_id":null,"gplace_url":"https://maps.google.com/?cid=1680464698537932409","dealerID":69460,"trusted":false,"image_id":"v1597283981/buick_RM.png","phone":"5755455572","cityStateSlug":"deming.nm","slug":"Deming.NM/sisbarro+chevrolet+buick","location":"32.2692202,-107.7127722","brandsList":["buick","chevrolet","gmc"]},{"id":2097,"crm_id":67057168,"name":"Bravo Chevrolet","dealerSlug":"bravo+chevrolet","city_state_slug":"Las-Cruces.NM","brand":"Chevrolet","website":"www.bravolascruces.com","address":"1601 S Main St","city":"Las Cruces","state":"NM","zip":88005,"latitude":32.2912017,"longitude":-106.7754844,"phone_number_service":"5756354085","phone_number_main":"5755273800","service_hours":"Mo-Fr 07:00 - 18:00 | Sa 07:30 - 14:00","utc_offset":"-360","gplace_id":null,"gplace_url":"https://maps.google.com/?cid=14351226139964348528","dealerID":69610,"trusted":false,"image_id":"v1597284079/chevy_ms.png","phone":"5756354085","cityStateSlug":"las-cruces.nm","slug":"Las-Cruces.NM/bravo+chevrolet","location":"32.2912017,-106.7754844","brandsList":["chevrolet"]},{"id":6169,"crm_id":67057525,"name":"Hatch Ford","dealerSlug":"hatch+ford","city_state_slug":"Silver-City.NM","brand":"Ford","website":"www.hatchfords.com/","address":"1235 U.S. 180 East","city":"Silver City","state":"NM","zip":88061,"latitude":32.7849924,"longitude":-108.2628777,"phone_number_service":"8558185194","phone_number_main":"5753881818","service_hours":"Mo-Fr 08:00 - 17:30 | Sa 09:00 - 15:00","utc_offset":"-360","gplace_id":null,"gplace_url":"https://maps.google.com/?cid=3843869484018513833","dealerID":69708,"trusted":false,"image_id":"v1597283967/ford_RM.png","phone":"8558185194","cityStateSlug":"silver-city.nm","slug":"Silver-City.NM/hatch+ford","location":"32.7849924,-108.2628777","brandsList":["ford"]},{"id":4380,"crm_id":67057972,"name":"Ed Corley Ford Sales","dealerSlug":"ed+corley+ford+sales","city_state_slug":"Grants.NM","brand":"Ford","website":"www.edcorleyford.com","address":"1870 W Santa Fe Ave","city":"Grants","state":"NM","zip":87020,"latitude":35.1613004,"longitude":-107.8774085,"phone_number_service":"8884398962","phone_number_main":"5052854695","service_hours":"Mo-Fr 07:30 - 18:00 | Sa 07:30 - 17:00","utc_offset":"-360","gplace_id":null,"gplace_url":"https://maps.google.com/?cid=5846840282316603004","dealerID":69825,"trusted":false,"image_id":"v1597283967/ford_RM.png","phone":"8884398962","cityStateSlug":"grants.nm","slug":"Grants.NM/ed+corley+ford+sales","location":"35.1613004,-107.8774085","brandsList":["ford"]},{"id":13790,"crm_id":67058869,"name":"Subaru of Santa Fe","dealerSlug":"subaru+of+santa+fe","city_state_slug":"Santa-Fe.NM","brand":"Subaru","website":"www.subaruofsantafe.com","address":"7511 Cerrillos Rd","city":"Santa Fe","state":"NM","zip":87507,"latitude":35.621617,"longitude":-106.029632,"phone_number_service":"8884370819","phone_number_main":"5054717007","service_hours":"Mo-Fr 07:30 - 17:30 | Sa 09:00-17:00","utc_offset":"-360","gplace_id":null,"gplace_url":"https://maps.google.com/?cid=15077107137893321673","dealerID":70094,"trusted":false,"image_id":"v1597283982/subaru_ms.png","phone":"8884370819","cityStateSlug":"santa-fe.nm","slug":"Santa-Fe.NM/subaru+of+santa+fe","location":"35.621617,-106.029632","brandsList":["subaru"]},{"id":12612,"crm_id":67059982,"name":"Roswell Toyota","dealerSlug":"roswell+toyota","city_state_slug":"Roswell.NM","brand":"Toyota","website":"www.roswelltoyota.com","address":"2211 W 2nd St","city":"Roswell","state":"NM","zip":88201,"latitude":33.3952182,"longitude":-104.5560986,"phone_number_service":"5756225860","phone_number_main":"5756225860","service_hours":"Mo-Fr 07:30 - 17:30 | Sa 08:00 - 16:00","utc_offset":"-360","gplace_id":null,"gplace_url":"https://maps.google.com/?cid=1145364160161118752","dealerID":70393,"trusted":false,"image_id":"v1597284039/toyota_ms.png","phone":"5756225860","cityStateSlug":"roswell.nm","slug":"Roswell.NM/roswell+toyota","location":"33.3952182,-104.5560986","brandsList":["toyota"]},{"id":2515,"crm_id":67060447,"name":"Capitol Ford","dealerSlug":"capitol+ford","city_state_slug":"Santa-Fe.NM","brand":"Ford","website":"www.capitolfordsantafe.com","address":"4490 Cerrillos Rd","city":"Santa Fe","state":"NM","zip":87507,"latitude":35.6291128,"longitude":-106.0221041,"phone_number_service":"5054287413","phone_number_main":"5054733673","service_hours":"Mo-Fr 07:30 - 18:00 | Sa 08:00 - 13:00","utc_offset":"-360","gplace_id":null,"gplace_url":"https://maps.google.com/?cid=12703304286387493123","dealerID":70516,"trusted":false,"image_id":"v1597283967/ford_RM.png","phone":"5054287413","cityStateSlug":"santa-fe.nm","slug":"Santa-Fe.NM/capitol+ford","location":"35.6291128,-106.0221041","brandsList":["ford"]},{"id":9667,"crm_id":67060675,"name":"Mercedes-Benz of Albuquerque","dealerSlug":"mercedes+benz+of+albuquerque","city_state_slug":"Albuquerque.NM","brand":"Mercedes-Benz","website":"www.mercedesabq.com","address":"8920 Pan American Fwy NE","city":"Albuquerque","state":"NM","zip":87113,"latitude":35.186831,"longitude":-106.579641,"phone_number_service":"5058214000","phone_number_main":"5058214000","service_hours":"Mo-Fr 07:30 - 17:30 | Sa 08:00 - 16:00","utc_offset":"-360","gplace_id":null,"gplace_url":"https://maps.google.com/?cid=8431384881959658742","dealerID":70583,"trusted":false,"image_id":"v1597283934/mercedes_RM.png","phone":"5058214000","cityStateSlug":"albuquerque.nm","slug":"Albuquerque.NM/mercedes+benz+of+albuquerque","location":"35.186831,-106.579641","brandsList":["mercedes-benz"]},{"id":9635,"crm_id":67077472,"name":"Melloy Chevrolet","dealerSlug":"melloy+chevrolet","city_state_slug":"Los-Lunas.NM","brand":"Chevrolet","website":"www.melloychevrolet.com/","address":"377 Emilio Lopez Rd","city":"Los Lunas","state":"NM","zip":87031,"latitude":34.8166505,"longitude":-106.7591259,"phone_number_service":"5052738539","phone_number_main":"5058663027","service_hours":"Mo-Fr 07:00 - 18:00  | Sa 08:00 - 17:00","utc_offset":"-360","gplace_id":null,"gplace_url":"https://maps.google.com/?cid=11059208437803165598","dealerID":74293,"trusted":false,"image_id":"v1597284079/chevy_ms.png","phone":"5052738539","cityStateSlug":"los-lunas.nm","slug":"Los-Lunas.NM/melloy+chevrolet","location":"34.8166505,-106.7591259","brandsList":["chevrolet"]},{"id":11795,"crm_id":67077475,"name":"Power Ford","dealerSlug":"power+ford","city_state_slug":"Albuquerque.NM","brand":"Ford","website":"www.powerfordnm.com","address":"1101 Montao Rd NE","city":"Albuquerque","state":"NM","zip":87107,"latitude":35.136565,"longitude":-106.620698,"phone_number_service":"5059337890","phone_number_main":"5052341131","service_hours":"Mo-Fr 07:00 - 18:00 | Sa 08:00 - 17:00","utc_offset":"-360","gplace_id":null,"gplace_url":"https://maps.google.com/?cid=4896068929144562903","dealerID":74294,"trusted":false,"image_id":"v1597283967/ford_RM.png","phone":"5059337890","cityStateSlug":"albuquerque.nm","slug":"Albuquerque.NM/power+ford","location":"35.136565,-106.620698","brandsList":["ford"]},{"id":12831,"crm_id":67077481,"name":"Sandia BMW Motorcycles","dealerSlug":"sandia+bmw+motorcycles","city_state_slug":"Albuquerque.NM","brand":"BMW","website":"sandiabmwmotorcycles.com","address":"6001 Pan American Fwy NE","city":"Albuquerque","state":"NM","zip":87109,"latitude":35.1490022,"longitude":-106.5906708,"phone_number_service":"8557628462","phone_number_main":"5058840066","service_hours":"Mo 08:30 - 17:00 | Fr 08:30 - 17:30 |Sa 09:00 - 17:00","utc_offset":"-360","gplace_id":null,"gplace_url":"https://maps.google.com/?cid=1851077753377901857","dealerID":74295,"trusted":false,"image_id":"v1597283982/bmw_RM.png","phone":"8557628462","cityStateSlug":"albuquerque.nm","slug":"Albuquerque.NM/sandia+bmw+motorcycles","location":"35.1490022,-106.5906708","brandsList":["bmw"]},{"id":4793,"crm_id":67077484,"name":"Fiesta Mitsubishi","dealerSlug":"fiesta+mitsubishi","city_state_slug":"Albuquerque.NM","brand":"Mitsubishi","website":"www.fiestamitsu.com","address":"7100 Lomas Blvd NE","city":"Albuquerque","state":"NM","zip":87110,"latitude":35.0866677,"longitude":-106.5682696,"phone_number_service":"8883754347","phone_number_main":"5057376400","service_hours":"Mo-Fr 08:00 - 17:00","utc_offset":"-360","gplace_id":null,"gplace_url":"https://maps.google.com/?cid=5605972971480138081","dealerID":74296,"trusted":false,"image_id":"v1597283928/mitsubishi.png","phone":"8883754347","cityStateSlug":"albuquerque.nm","slug":"Albuquerque.NM/fiesta+mitsubishi","location":"35.0866677,-106.5682696","brandsList":["mitsubishi"]},{"id":5384,"crm_id":67077490,"name":"Garcia Honda Albuquerque","dealerSlug":"garcia+honda+albuquerque","city_state_slug":"Albuquerque.NM","brand":"Honda","website":"www.garciahonda.com","address":"8301 Lomas Blvd NE","city":"Albuquerque","state":"NM","zip":87110,"latitude":35.0876497,"longitude":-106.5540789,"phone_number_service":"5052605001","phone_number_main":"5052605000","service_hours":"Mo-Fr 07:00 - 18:00 | Sa 08:30 - 17:00","utc_offset":"-360","gplace_id":null,"gplace_url":"https://maps.google.com/?cid=11226789252934694206","dealerID":74297,"trusted":false,"image_id":"v1597284047/honda_ms.png","phone":"5052605001","cityStateSlug":"albuquerque.nm","slug":"Albuquerque.NM/garcia+honda+albuquerque","location":"35.0876497,-106.5540789","brandsList":["honda"]},{"id":8428,"crm_id":67077493,"name":"Larry H. Miller Chrysler Jeep Dodge Albuquerque","dealerSlug":"larry+h+miller+chrysler+jeep+dodge+albuquerque","city_state_slug":"Albuquerque.NM","brand":"Chrysler,Dodge,Jeep,RAM","website":"www.lhmchryslerjeepdodgeabq.com","address":"8528 Lomas Blvd NE","city":"Albuquerque","state":"NM","zip":87110,"latitude":35.0863889,"longitude":-106.5516667,"phone_number_service":"5053370796","phone_number_main":"5054040108","service_hours":"Mo-Fr 07:00 - 18:00 | Sa 08:00 - 17:00","utc_offset":"-360","gplace_id":null,"gplace_url":"https://maps.google.com/?cid=8355299184158039472","dealerID":74298,"trusted":false,"image_id":"v1597283975/chrysler_RM.png","phone":"5053370796","cityStateSlug":"albuquerque.nm","slug":"Albuquerque.NM/larry+h+miller+chrysler+jeep+dodge+albuquerque","location":"35.0863889,-106.5516667","brandsList":["chrysler","dodge","jeep","ram"]},{"id":8463,"crm_id":67077496,"name":"Larry H. Miller Southwest Hyundai Albuquerque","dealerSlug":"larry+h+miller+southwest+hyundai+albuquerque","city_state_slug":"Albuquerque.NM","brand":"Hyundai","website":"www.southwesthyundai.com","address":"8800 Lomas Blvd NE","city":"Albuquerque","state":"NM","zip":87112,"latitude":35.0863889,"longitude":-106.5463889,"phone_number_service":"8886104831","phone_number_main":"5054040136","service_hours":"Mo-Fr 08:00 - 18:00 | Sa 08:00 - 17:00","utc_offset":"-360","gplace_id":null,"gplace_url":"https://maps.google.com/?cid=7105273186505674686","dealerID":74299,"trusted":false,"image_id":"v1597283959/hyundai_RM.png","phone":"8886104831","cityStateSlug":"albuquerque.nm","slug":"Albuquerque.NM/larry+h+miller+southwest+hyundai+albuquerque","location":"35.0863889,-106.5463889","brandsList":["hyundai"]},{"id":8243,"crm_id":67077499,"name":"Land Rover Albuquerque","dealerSlug":"land+rover+albuquerque","city_state_slug":"Albuquerque.NM","brand":"Land Rover","website":"www.landroveralbuquerque.com","address":"5010 Alameda Blvd NE","city":"Albuquerque","state":"NM","zip":87113,"latitude":35.1838843,"longitude":-106.5906242,"phone_number_service":"5059485835","phone_number_main":"5057973600","service_hours":"Mo-Fr 07:30 - 18:00 | Sa 08:00 - 15:00","utc_offset":"-360","gplace_id":null,"gplace_url":"https://maps.google.com/?cid=7698952433032031592","dealerID":74300,"trusted":false,"image_id":"v1597283945/landrover_RM.png","phone":"5059485835","cityStateSlug":"albuquerque.nm","slug":"Albuquerque.NM/land+rover+albuquerque","location":"35.1838843,-106.5906242","brandsList":["land rover"]},{"id":8420,"crm_id":67077502,"name":"Larry H. Miller American Toyota Albuquerque","dealerSlug":"larry+h+miller+american+toyota+albuquerque","city_state_slug":"Albuquerque.NM","brand":"Toyota","website":"www.americantoyota.com","address":"5995 Alameda Blvd NE","city":"Albuquerque","state":"NM","zip":87113,"latitude":35.185512,"longitude":-106.578472,"phone_number_service":"8339752065","phone_number_main":"5057964282","service_hours":"Mo-Fr 07:00 - 18:00 | Sa 07:00 - 17:00","utc_offset":"-360","gplace_id":null,"gplace_url":"https://maps.google.com/?cid=9908026024669904616","dealerID":74301,"trusted":false,"image_id":"v1597284039/toyota_ms.png","phone":"8339752065","cityStateSlug":"albuquerque.nm","slug":"Albuquerque.NM/larry+h+miller+american+toyota+albuquerque","location":"35.185512,-106.578472","brandsList":["toyota"]},{"id":11565,"crm_id":67077505,"name":"Pitre Kia","dealerSlug":"pitre+kia","city_state_slug":"Albuquerque.NM","brand":"Kia","website":"www.pitrekia.com","address":"9640 Eagle Ranch Rd NW","city":"Albuquerque","state":"NM","zip":87114,"latitude":35.190342,"longitude":-106.6627504,"phone_number_service":"8774680639","phone_number_main":"8778871633","service_hours":"Mo-Fr 08:00 - 17:00 | Sa 08:00 - 14:00","utc_offset":"-360","gplace_id":null,"gplace_url":"https://maps.google.com/?cid=2459735646010084868","dealerID":74302,"trusted":false,"image_id":"v1597283948/kia_RM.png","phone":"8774680639","cityStateSlug":"albuquerque.nm","slug":"Albuquerque.NM/pitre+kia","location":"35.190342,-106.6627504","brandsList":["kia"]},{"id":11564,"crm_id":67077508,"name":"Pitre Buick GMC","dealerSlug":"pitre+buick+gmc","city_state_slug":"Albuquerque.NM","brand":"Buick,GMC","website":"www.pitrebuickgmc.com","address":"9737 Eagle Ranch Rd NW","city":"Albuquerque","state":"NM","zip":87114,"latitude":35.195518,"longitude":-106.6596672,"phone_number_service":"5058981333","phone_number_main":"5058981333","service_hours":"Mo-Fr 08:00 - 17:00 | Sa 08:00 - 14:00","utc_offset":"-360","gplace_id":null,"gplace_url":"https://maps.google.com/?cid=11807708193416369672","dealerID":74303,"trusted":false,"image_id":"v1597283981/buick_RM.png","phone":"5058981333","cityStateSlug":"albuquerque.nm","slug":"Albuquerque.NM/pitre+buick+gmc","location":"35.195518,-106.6596672","brandsList":["buick","gmc"]},{"id":12233,"crm_id":67077511,"name":"Reliable Nissan","dealerSlug":"reliable+nissan","city_state_slug":"Albuquerque.NM","brand":"Nissan","website":"www.reliable-nissan.com","address":"9951 Coors Blvd NW","city":"Albuquerque","state":"NM","zip":87114,"latitude":35.1941418,"longitude":-106.6575128,"phone_number_service":"8559848114","phone_number_main":"5053383888","service_hours":"Mo-Fr 07:00 -18:00 | Sa 07:00 -18:00","utc_offset":"-360","gplace_id":null,"gplace_url":"https://maps.google.com/?cid=4729330306841935864","dealerID":74304,"trusted":false,"image_id":"v1597283926/nissan_RM.png","phone":"8559848114","cityStateSlug":"albuquerque.nm","slug":"Albuquerque.NM/reliable+nissan","location":"35.1941418,-106.6575128","brandsList":["nissan"]},{"id":297,"crm_id":67077514,"name":"Amigo Chevrolet","dealerSlug":"amigo+chevrolet","city_state_slug":"Gallup.NM","brand":"Chevrolet","website":"www.amigoautomotive.com","address":"1900 S 2nd St","city":"Gallup","state":"NM","zip":87301,"latitude":35.5072222,"longitude":-108.7397222,"phone_number_service":"5057264323","phone_number_main":"5057264329","service_hours":"Mo-Fr 07:30 - 18:00 | Sa 07:30 - 14:00","utc_offset":"-360","gplace_id":null,"gplace_url":"https://maps.google.com/?cid=4369864582492633734","dealerID":74305,"trusted":false,"image_id":"v1597284079/chevy_ms.png","phone":"5057264323","cityStateSlug":"gallup.nm","slug":"Gallup.NM/amigo+chevrolet","location":"35.5072222,-108.7397222","brandsList":["chevrolet"]},{"id":298,"crm_id":67077517,"name":"Amigo Toyota","dealerSlug":"amigo+toyota","city_state_slug":"Gallup.NM","brand":"Toyota","website":"www.amigotoyota.com","address":"2000 S 2nd St","city":"Gallup","state":"NM","zip":87301,"latitude":35.5064806,"longitude":-108.7398225,"phone_number_service":"5057228866","phone_number_main":"5057223881","service_hours":"Mo-Fr 09:00 - 17:00 | Sa 07:30 - 14:00","utc_offset":"-360","gplace_id":null,"gplace_url":"https://maps.google.com/?cid=15677671912939941478","dealerID":74306,"trusted":false,"image_id":"v1597284039/toyota_ms.png","phone":"5057228866","cityStateSlug":"gallup.nm","slug":"Gallup.NM/amigo+toyota","location":"35.5064806,-108.7398225","brandsList":["toyota"]},{"id":12339,"crm_id":67077520,"name":"Rico Auto Complex","dealerSlug":"rico+auto+complex","city_state_slug":"Gallup.NM","brand":"Buick,GMC","website":"www.ricoautocomplex.com","address":"220 S 5th St","city":"Gallup","state":"NM","zip":87301,"latitude":35.5253257,"longitude":-108.746288,"phone_number_service":"8773899544","phone_number_main":"5057222271","service_hours":"Mo-Fr 09:00 - 17:00","utc_offset":"-360","gplace_id":null,"gplace_url":"https://maps.google.com/?cid=4198365410577587557","dealerID":74307,"trusted":false,"image_id":"v1597283981/buick_RM.png","phone":"8773899544","cityStateSlug":"gallup.nm","slug":"Gallup.NM/rico+auto+complex","location":"35.5253257,-108.746288","brandsList":["buick","gmc"]},{"id":120,"crm_id":67077523,"name":"Advantage Dodge RAM Chrysler Jeep Fiat","dealerSlug":"advantage+dodge+ram+chrysler+jeep+fiat","city_state_slug":"Farmington.NM","brand":"Chrysler,Dodge,Jeep,RAM,Fiat","website":"www.advantagedodge.com","address":"3200 E Main St","city":"Farmington","state":"NM","zip":87402,"latitude":36.748716,"longitude":-108.162342,"phone_number_service":"5053106654","phone_number_main":"5053274424","service_hours":"Mo-Fr 07:15 - 17:30 | Sa 08:00 - 14:00","utc_offset":"-360","gplace_id":null,"gplace_url":"https://maps.google.com/?cid=7210492470883847893","dealerID":74308,"trusted":false,"image_id":"v1597283975/chrysler_RM.png","phone":"5053106654","cityStateSlug":"farmington.nm","slug":"Farmington.NM/advantage+dodge+ram+chrysler+jeep+fiat","location":"36.748716,-108.162342","brandsList":["chrysler","dodge","jeep","ram","fiat"]},{"id":15298,"crm_id":67077526,"name":"Webb Chevrolet","dealerSlug":"webb+chevrolet","city_state_slug":"Farmington.NM","brand":"Chevrolet","website":"www.webbauto.net","address":"3911 East Main","city":"Farmington","state":"NM","zip":87402,"latitude":36.7556201,"longitude":-108.1547194,"phone_number_service":"5057164457","phone_number_main":"5057164460","service_hours":"Mo-Fr 07:30 - 17:30 | Sa 08:00-14:00","utc_offset":"-360","gplace_id":null,"gplace_url":"https://maps.google.com/?cid=3065935445866938239","dealerID":74309,"trusted":false,"image_id":"v1597284079/chevy_ms.png","phone":"5057164457","cityStateSlug":"farmington.nm","slug":"Farmington.NM/webb+chevrolet","location":"36.7556201,-108.1547194","brandsList":["chevrolet"]},{"id":6425,"crm_id":67077532,"name":"Hi Country Mitsubishi","dealerSlug":"hi+country+mitsubishi","city_state_slug":"Farmington.NM","brand":"Mitsubishi","website":"www.hicountrymitsubishi.com","address":"4004 E Main St","city":"Farmington","state":"NM","zip":87402,"latitude":36.7563553,"longitude":-108.1569654,"phone_number_service":"8884299317","phone_number_main":"5053273391","service_hours":"Mo-Fr 09:00- 18:00 | Sa 09:00 - 15:00","utc_offset":"-360","gplace_id":null,"gplace_url":"https://maps.google.com/?cid=2668596101888034067","dealerID":74310,"trusted":false,"image_id":"v1597283928/mitsubishi.png","phone":"8884299317","cityStateSlug":"farmington.nm","slug":"Farmington.NM/hi+country+mitsubishi","location":"36.7563553,-108.1569654","brandsList":["mitsubishi"]},{"id":9637,"crm_id":67077535,"name":"Melloy Honda","dealerSlug":"melloy+honda","city_state_slug":"Farmington.NM","brand":"Honda","website":"www.melloyhonda.com","address":"5301 E Main St","city":"Farmington","state":"NM","zip":87402,"latitude":36.7691163,"longitude":-108.1420296,"phone_number_service":"5053254000","phone_number_main":"5053254000","service_hours":"Mo-Fr 07:30 - 18:00 | Sa 08:00  - 14:00","utc_offset":"-360","gplace_id":null,"gplace_url":"https://maps.google.com/?cid=10619512511472076358","dealerID":74311,"trusted":false,"image_id":"v1597284047/honda_ms.png","phone":"5053254000","cityStateSlug":"farmington.nm","slug":"Farmington.NM/melloy+honda","location":"36.7691163,-108.1420296","brandsList":["honda"]},{"id":6428,"crm_id":67077538,"name":"HI-Country Kia","dealerSlug":"hi+country+kia","city_state_slug":"Farmington.NM","brand":"Kia","website":"www.hicountrykia.com","address":"4004 E Main St","city":"Farmington","state":"NM","zip":87402,"latitude":36.7565291,"longitude":-108.1569033,"phone_number_service":"8883786105","phone_number_main":"5053273391","service_hours":"Mo-Fr 09:00 - 18:00","utc_offset":"-360","gplace_id":null,"gplace_url":"https://maps.google.com/?cid=12361004062769006381","dealerID":74312,"trusted":false,"image_id":"v1597283948/kia_RM.png","phone":"8883786105","cityStateSlug":"farmington.nm","slug":"Farmington.NM/hi+country+kia","location":"36.7565291,-108.1569033","brandsList":["kia"]},{"id":6427,"crm_id":67077541,"name":"Hi-country Chevrolet","dealerSlug":"hi+country+chevrolet","city_state_slug":"Aztec.NM","brand":"Chevrolet","website":"www.hicountrychevrolet.com","address":"404 W Chaco St","city":"Aztec","state":"NM","zip":87410,"latitude":36.8233763,"longitude":-107.9994318,"phone_number_service":"8773638123","phone_number_main":"5053334342","service_hours":"Mo-Fr 09:00 - 18:00 | Sa 09:00 - 15:00","utc_offset":"-360","gplace_id":null,"gplace_url":"https://maps.google.com/?cid=17009014481987719987","dealerID":74313,"trusted":false,"image_id":"v1597284079/chevy_ms.png","phone":"8773638123","cityStateSlug":"aztec.nm","slug":"Aztec.NM/hi+country+chevrolet","location":"36.8233763,-107.9994318","brandsList":["chevrolet"]},{"id":4794,"crm_id":67077544,"name":"Fiesta Nissan","dealerSlug":"fiesta+nissan","city_state_slug":"Santa-Fe.NM","brand":"Nissan","website":"www.fiestanissansantafe.com","address":"2005 St Michaels Dr","city":"Santa Fe","state":"NM","zip":87505,"latitude":35.6597729,"longitude":-105.9665569,"phone_number_service":"8889767235","phone_number_main":"5059551000","service_hours":"Mo-Fr 07:30 - 18:00 | Sa 09:00 - 15:00","utc_offset":"-360","gplace_id":null,"gplace_url":"https://maps.google.com/?cid=3427594255744599666","dealerID":74314,"trusted":false,"image_id":"v1597283926/nissan_RM.png","phone":"8889767235","cityStateSlug":"santa-fe.nm","slug":"Santa-Fe.NM/fiesta+nissan","location":"35.6597729,-105.9665569","brandsList":["nissan"]},{"id":12862,"crm_id":67077547,"name":"Santa Fe BMW","dealerSlug":"santa+fe+bmw","city_state_slug":"Santa-Fe.NM","brand":"BMW","website":"www.santafebmw.com","address":"2578 Camino Entrada","city":"Santa Fe","state":"NM","zip":87507,"latitude":35.6321775,"longitude":-106.023184,"phone_number_service":"8448514953","phone_number_main":"5054740066","service_hours":"Mo-Fr 08:00 - 17:30 | Sa 09:00-17:00","utc_offset":"-360","gplace_id":null,"gplace_url":"https://maps.google.com/?cid=520514323315592198","dealerID":74315,"trusted":false,"image_id":"v1597283982/bmw_RM.png","phone":"8448514953","cityStateSlug":"santa-fe.nm","slug":"Santa-Fe.NM/santa+fe+bmw","location":"35.6321775,-106.023184","brandsList":["bmw"]},{"id":2882,"crm_id":67077556,"name":"Chevrolet of Santa Fe","dealerSlug":"chevrolet+of+santa+fe","city_state_slug":"Santa-Fe.NM","brand":"Chevrolet","website":"www.chevroletofsantafe.com","address":"4450 Cerrillos Rd","city":"Santa Fe","state":"NM","zip":87507,"latitude":35.6306309,"longitude":-106.021313,"phone_number_service":"5056291372","phone_number_main":"8338791117","service_hours":"Mo-Fr 07:30 - 18:00","utc_offset":"-360","gplace_id":null,"gplace_url":"https://maps.google.com/?cid=18073317523201288905","dealerID":74316,"trusted":false,"image_id":"v1597284079/chevy_ms.png","phone":"5056291372","cityStateSlug":"santa-fe.nm","slug":"Santa-Fe.NM/chevrolet+of+santa+fe","location":"35.6306309,-106.021313","brandsList":["chevrolet"]},{"id":8865,"crm_id":67077559,"name":"Lithia Chrysler Dodge Jeep RAM Fiat of Santa Fe","dealerSlug":"lithia+chrysler+dodge+jeep+ram+fiat+of+santa+fe","city_state_slug":"Santa-Fe.NM","brand":"Chrysler,Dodge,Jeep,RAM,Fiat","website":"www.lithiasantafe.com","address":"4470 Cerrillos Rd","city":"Santa Fe","state":"NM","zip":87507,"latitude":35.6293,"longitude":-106.0191,"phone_number_service":"8442887826","phone_number_main":"5056290746","service_hours":"Mo-Fr 07:30 - 18:00 | Sa 08:00 - 17:00","utc_offset":"-360","gplace_id":null,"gplace_url":"https://maps.google.com/?cid=8989272359053378001","dealerID":74317,"trusted":false,"image_id":"v1597283975/chrysler_RM.png","phone":"8442887826","cityStateSlug":"santa-fe.nm","slug":"Santa-Fe.NM/lithia+chrysler+dodge+jeep+ram+fiat+of+santa+fe","location":"35.6293,-106.0191","brandsList":["chrysler","dodge","jeep","ram","fiat"]},{"id":6308,"crm_id":67077562,"name":"Henry Valencia","dealerSlug":"henry+valencia","city_state_slug":"Espanola.NM","brand":"Buick,Chevrolet,GMC","website":"www.henryvalencia.net","address":"613 Paseo De Onate","city":"Espanola","state":"NM","zip":87532,"latitude":35.9987317,"longitude":-106.0843195,"phone_number_service":"8662403451","phone_number_main":"8665126302","service_hours":"Mo-Fr 07:30 - 17:00","utc_offset":"-360","gplace_id":null,"gplace_url":"https://maps.google.com/?cid=4382074135325784539","dealerID":74318,"trusted":false,"image_id":"v1597283981/buick_RM.png","phone":"8662403451","cityStateSlug":"espanola.nm","slug":"Espanola.NM/henry+valencia","location":"35.9987317,-106.0843195","brandsList":["buick","chevrolet","gmc"]},{"id":11566,"crm_id":67077568,"name":"Pitre Kia of Las Cruces","dealerSlug":"pitre+kia+of+las+cruces","city_state_slug":"Las-Cruces.NM","brand":"Chrysler,Dodge,Jeep,RAM","website":"www.pitrekialascruces.com/","address":"1840 N Main St","city":"Las Cruces","state":"NM","zip":88001,"latitude":32.325411,"longitude":-106.78252,"phone_number_service":"8776205780","phone_number_main":"5756354090","service_hours":"Mo-Sa 08:00 - 18:00","utc_offset":"-360","gplace_id":null,"gplace_url":"https://maps.google.com/?cid=2423905970234436493","dealerID":74319,"trusted":false,"image_id":"v1597283975/chrysler_RM.png","phone":"8776205780","cityStateSlug":"las-cruces.nm","slug":"Las-Cruces.NM/pitre+kia+of+las+cruces","location":"32.325411,-106.78252","brandsList":["chrysler","dodge","jeep","ram"]},{"id":2001,"crm_id":67077571,"name":"Borman Ford","dealerSlug":"borman+ford","city_state_slug":"Las-Cruces.NM","brand":"Ford","website":"www.bormanford.com","address":"470 W Boutz Rd","city":"Las Cruces","state":"NM","zip":88005,"latitude":32.2899552,"longitude":-106.7799589,"phone_number_service":"8886946970","phone_number_main":"5755254500","service_hours":"Mo-Fr 07:00 - 18:00 | Sa 07:30 - 14:00","utc_offset":"-360","gplace_id":null,"gplace_url":"https://maps.google.com/?cid=1193082729445431639","dealerID":74320,"trusted":false,"image_id":"v1597283967/ford_RM.png","phone":"8886946970","cityStateSlug":"las-cruces.nm","slug":"Las-Cruces.NM/borman+ford","location":"32.2899552,-106.7799589","brandsList":["ford"]},{"id":14910,"crm_id":67077574,"name":"Vescovo Toyota of Las Cruces","dealerSlug":"vescovo+toyota+of+las+cruces","city_state_slug":"Las-Cruces.NM","brand":"Toyota","website":"www.vescovotoyota.com","address":"780 S Valley Dr","city":"Las Cruces","state":"NM","zip":88005,"latitude":32.2992,"longitude":-106.791,"phone_number_service":"5755235566","phone_number_main":"5755235566","service_hours":"Mo-Fr 07:00 - 16:30 | Sa 07:30 - 16:30","utc_offset":"-360","gplace_id":null,"gplace_url":"https://maps.google.com/?cid=4423010212673560632","dealerID":74321,"trusted":false,"image_id":"v1597284039/toyota_ms.png","phone":"5755235566","cityStateSlug":"las-cruces.nm","slug":"Las-Cruces.NM/vescovo+toyota+of+las+cruces","location":"32.2992,-106.791","brandsList":["toyota"]},{"id":6051,"crm_id":67077580,"name":"Hamilton Toyota","dealerSlug":"hamilton+toyota","city_state_slug":"Clovis.NM","brand":"Toyota","website":"www.hamilton-toyota.com","address":"600 W 7th St","city":"Clovis","state":"NM","zip":88101,"latitude":34.4049591,"longitude":-103.2119795,"phone_number_service":"8889271725","phone_number_main":"5757624551","service_hours":"Mo-Fr 07:30 - 17:30 | Sa 08:00 - 13:00","utc_offset":"-360","gplace_id":null,"gplace_url":"https://maps.google.com/?cid=4992932409304359719","dealerID":74322,"trusted":false,"image_id":"v1597284039/toyota_ms.png","phone":"8889271725","cityStateSlug":"clovis.nm","slug":"Clovis.NM/hamilton+toyota","location":"34.4049591,-103.2119795","brandsList":["toyota"]},{"id":6046,"crm_id":67077583,"name":"Hamilton GM Country","dealerSlug":"hamilton+gm+country","city_state_slug":"Portales.NM","brand":"Buick,Chevrolet,GMC","website":"www.hamiltongmcountry.com","address":"42447 US-70","city":"Portales","state":"NM","zip":88130,"latitude":34.199215,"longitude":-103.321434,"phone_number_service":"5753668815","phone_number_main":"5753563501","service_hours":"Mo-Fr 07:30 - 17:30 | Sa 08:00 - 13:00","utc_offset":"-360","gplace_id":null,"gplace_url":"https://maps.google.com/?cid=8539143013109358239","dealerID":74323,"trusted":false,"image_id":"v1597283981/buick_RM.png","phone":"5753668815","cityStateSlug":"portales.nm","slug":"Portales.NM/hamilton+gm+country","location":"34.199215,-103.321434","brandsList":["buick","chevrolet","gmc"]},{"id":3964,"crm_id":67077586,"name":"Desert Sun Motors Alamogordo","dealerSlug":"desert+sun+motors+alamogordo","city_state_slug":"Alamogordo.NM","brand":"Buick,Cadillac,Chevrolet,GMC","website":"www.desertsungm.com","address":"2600 N White Sands Blvd","city":"Alamogordo","state":"NM","zip":88310,"latitude":32.9220881,"longitude":-105.9621701,"phone_number_service":"8886215113","phone_number_main":"5756251000","service_hours":"Mo-Fr 07:30 - 17:30 | Sa 09:00 - 14:00","utc_offset":"-360","gplace_id":null,"gplace_url":"https://maps.google.com/?cid=9860926434239121130","dealerID":74324,"trusted":false,"image_id":"v1597283981/buick_RM.png","phone":"8886215113","cityStateSlug":"alamogordo.nm","slug":"Alamogordo.NM/desert+sun+motors+alamogordo","location":"32.9220881,-105.9621701","brandsList":["buick","cadillac","chevrolet","gmc"]},{"id":3965,"crm_id":67077592,"name":"Desert Sun Toyota","dealerSlug":"desert+sun+toyota","city_state_slug":"Alamogordo.NM","brand":"Toyota","website":"www.desertsuntoyota.com","address":"3333 N White Sands Blvd","city":"Alamogordo","state":"NM","zip":88310,"latitude":32.9348965,"longitude":-105.9678617,"phone_number_service":"5752682376","phone_number_main":"5756251000","service_hours":"Mo-Fr 07:30 - 17:30 | Sa 09:00 - 14:00","utc_offset":"-360","gplace_id":null,"gplace_url":"https://maps.google.com/?cid=9860926434239121130","dealerID":74325,"trusted":false,"image_id":"v1597284039/toyota_ms.png","phone":"5752682376","cityStateSlug":"alamogordo.nm","slug":"Alamogordo.NM/desert+sun+toyota","location":"32.9348965,-105.9678617","brandsList":["toyota"]},{"id":5952,"crm_id":67077595,"name":"Guy Chevrolet Company Chevrolet Buick GMC","dealerSlug":"guy+chevrolet+company+chevrolet+buick+gmc","city_state_slug":"Artesia.NM","brand":"Buick,Chevrolet,GMC","website":"www.guychevy.com","address":"101 W Main St","city":"Artesia","state":"NM","zip":88210,"latitude":32.842027,"longitude":-104.39786,"phone_number_service":"8668461848","phone_number_main":"5757463551","service_hours":"Mo-Fr 07:30 - 17:30","utc_offset":"-360","gplace_id":null,"gplace_url":"https://maps.google.com/?cid=3804107064926780398","dealerID":74326,"trusted":false,"image_id":"v1597283981/buick_RM.png","phone":"8668461848","cityStateSlug":"artesia.nm","slug":"Artesia.NM/guy+chevrolet+company+chevrolet+buick+gmc","location":"32.842027,-104.39786","brandsList":["buick","chevrolet","gmc"]},{"id":430,"crm_id":67077598,"name":"Artesia Ford Sales","dealerSlug":"artesia+ford+sales","city_state_slug":"Artesia.NM","brand":"Ford","website":"www.artesiaford.com","address":"307 North First St","city":"Artesia","state":"NM","zip":88210,"latitude":32.8452089,"longitude":-104.3982174,"phone_number_service":"8448710257","phone_number_main":"5757463578","service_hours":"Mo-Fr 07:00 - 17:30","utc_offset":"-360","gplace_id":null,"gplace_url":"https://maps.google.com/?cid=10123929968274556922","dealerID":74327,"trusted":false,"image_id":"v1597283967/ford_RM.png","phone":"8448710257","cityStateSlug":"artesia.nm","slug":"Artesia.NM/artesia+ford+sales","location":"32.8452089,-104.3982174","brandsList":["ford"]},{"id":14034,"crm_id":67077601,"name":"Tate Branch Artesia","dealerSlug":"tate+branch+artesia","city_state_slug":"Artesia.NM","brand":"Chrysler,Dodge,Jeep,RAM","website":"www.tatebranchdodgechryslerjeep.com","address":"919 S 1st St","city":"Artesia","state":"NM","zip":88210,"latitude":32.8321334,"longitude":-104.3962976,"phone_number_service":"5757482761","phone_number_main":"5757481317","service_hours":"Mo-Fr 07:30 - 17:30 | Sa 08:00-14:00","utc_offset":"-360","gplace_id":null,"gplace_url":"https://maps.google.com/?cid=7685024228444312415","dealerID":74328,"trusted":false,"image_id":"v1597283975/chrysler_RM.png","phone":"5757482761","cityStateSlug":"artesia.nm","slug":"Artesia.NM/tate+branch+artesia","location":"32.8321334,-104.3962976","brandsList":["chrysler","dodge","jeep","ram"]},{"id":11428,"crm_id":67077604,"name":"Permian Toyota","dealerSlug":"permian+toyota","city_state_slug":"Hobbs.NM","brand":"Toyota","website":"www.permiantoyota.com","address":"3500 N Grimes St","city":"Hobbs","state":"NM","zip":88240,"latitude":32.738221,"longitude":-103.1448469,"phone_number_service":"5753971100","phone_number_main":"5753971100","service_hours":"Mo-Fr 07:00 - 17:00 |  Sa 08:00 - 17:00","utc_offset":"-360","gplace_id":null,"gplace_url":"https://maps.google.com/?cid=16631466048713073929","dealerID":74329,"trusted":false,"image_id":"v1597284039/toyota_ms.png","phone":"5753971100","cityStateSlug":"hobbs.nm","slug":"Hobbs.NM/permian+toyota","location":"32.738221,-103.1448469","brandsList":["toyota"]},{"id":11427,"crm_id":67077607,"name":"Permian Nissan","dealerSlug":"permian+nissan","city_state_slug":"Hobbs.NM","brand":"Nissan","website":"permiannissanusa.com","address":"3600 N Grimes St","city":"Hobbs","state":"NM","zip":88240,"latitude":32.73937,"longitude":-103.14448,"phone_number_service":"8883092954","phone_number_main":"5753931711","service_hours":"Mo-Sa 07:00 - 18:00","utc_offset":"-360","gplace_id":null,"gplace_url":"https://maps.google.com/?cid=16050511807469098738","dealerID":74330,"trusted":false,"image_id":"v1597283926/nissan_RM.png","phone":"8883092954","cityStateSlug":"hobbs.nm","slug":"Hobbs.NM/permian+nissan","location":"32.73937,-103.14448","brandsList":["nissan"]},{"id":14975,"crm_id":67077610,"name":"Vision Ford Lincoln","dealerSlug":"vision+ford+lincoln","city_state_slug":"Alamogordo.NM","brand":"Ford,Lincoln","website":"www.visionfordlincoln.com","address":"1500 S White Sands Blvd","city":"Alamogordo","state":"NM","zip":88310,"latitude":32.8768492,"longitude":-105.9620162,"phone_number_service":"8888495507","phone_number_main":"8444001411","service_hours":"Mo-Th  08:00 - 17:00 | Fr 09:00 - 16:00","utc_offset":"-360","gplace_id":null,"gplace_url":"https://maps.google.com/?cid=10307145195590089136","dealerID":74331,"trusted":false,"image_id":"v1597283967/ford_RM.png","phone":"8888495507","cityStateSlug":"alamogordo.nm","slug":"Alamogordo.NM/vision+ford+lincoln","location":"32.8768492,-105.9620162","brandsList":["ford","lincoln"]},{"id":11480,"crm_id":70392733,"name":"Phil Long Ford of Raton","dealerSlug":"phil+long+ford+of+raton","city_state_slug":"Raton.NM","brand":"Ford","website":"www.ratonford.com","address":"223 S 2nd St","city":"Raton","state":"NM","zip":87740,"latitude":36.9004438,"longitude":-104.4396247,"phone_number_service":"8554801015","phone_number_main":"5752632738","service_hours":"Mo-Fr 08:00 - 17:00 | Sa 08:00 - 12:00","utc_offset":"-360","gplace_id":null,"gplace_url":"https://maps.google.com/?cid=550390446403035011","dealerID":74977,"trusted":false,"image_id":"v1597283967/ford_RM.png","phone":"8554801015","cityStateSlug":"raton.nm","slug":"Raton.NM/phil+long+ford+of+raton","location":"36.9004438,-104.4396247","brandsList":["ford"]},{"id":8451,"crm_id":71673952,"name":"Larry H. Miller Hyundai Albuquerque","dealerSlug":"larry+h+miller+hyundai+albuquerque","city_state_slug":"Albuquerque.NM","brand":"Hyundai","website":"www.larryhmillerhyundai.com","address":"9820 Coors Blvd NW","city":"Albuquerque","state":"NM","zip":87114,"latitude":35.1913889,"longitude":-106.6558333,"phone_number_service":"8668400316","phone_number_main":"5054040124","service_hours":"Mo-Fr 07:00 - 18:00 | Sa 07:30 - 17:00","utc_offset":"-360","gplace_id":null,"gplace_url":"https://maps.google.com/?cid=3139465381845652507","dealerID":75049,"trusted":false,"image_id":"v1597283959/hyundai_RM.png","phone":"8668400316","cityStateSlug":"albuquerque.nm","slug":"Albuquerque.NM/larry+h+miller+hyundai+albuquerque","location":"35.1913889,-106.6558333","brandsList":["hyundai"]},{"id":8447,"crm_id":71673970,"name":"Larry H. Miller Genesis Albuquerque","dealerSlug":"larry+h+miller+genesis+albuquerque","city_state_slug":"Albuquerque.NM","brand":"Genesis","website":"www.larryhmillergenesis.com","address":"9820 Coors Blvd NW","city":"Albuquerque","state":"NM","zip":87114,"latitude":35.1913287,"longitude":-106.6557497,"phone_number_service":"8443278685","phone_number_main":"5053034476","service_hours":"Mo-Fr 08:00 - 20:00 | Sa 08:00 - 20:00 | Su 10:00 - 18:00","utc_offset":"-360","gplace_id":null,"gplace_url":"https://maps.google.com/?cid=8874931831191029794","dealerID":75050,"trusted":false,"image_id":"v2-motorsafety/assets/images/default-logo","phone":"8443278685","cityStateSlug":"albuquerque.nm","slug":"Albuquerque.NM/larry+h+miller+genesis+albuquerque","location":"35.1913287,-106.6557497","brandsList":["genesis"]},{"id":4791,"crm_id":90013345,"name":"Fiesta Hyundai","dealerSlug":"fiesta+hyundai","city_state_slug":"Santa-Fe.NM","brand":"Hyundai","website":"www.fiestahyundai.com/","address":"1955 Saint Michaels Dr","city":"Santa Fe","state":"NM","zip":87505,"latitude":35.6599102,"longitude":-105.9696978,"phone_number_service":"8889747637","phone_number_main":"5059551000","service_hours":"Mo-Fr 07:30 - 18:00 | Sa 09:00 - 13:00","utc_offset":"-360","gplace_id":null,"gplace_url":"https://maps.google.com/?cid=3427594255744599666","dealerID":75708,"trusted":false,"image_id":"v1597283959/hyundai_RM.png","phone":"8889747637","cityStateSlug":"santa-fe.nm","slug":"Santa-Fe.NM/fiesta+hyundai","location":"35.6599102,-105.9696978","brandsList":["hyundai"]},{"id":12832,"crm_id":114996210,"name":"Sandia MINI","dealerSlug":"sandia+mini","city_state_slug":"Albuquerque.NM","brand":"MINI","website":"www.sandiamini.com","address":"6001 Pan American Frwy NE","city":"Albuquerque","state":"NM","zip":87109,"latitude":35.1486205,"longitude":-106.5929407,"phone_number_service":"8558175336","phone_number_main":"5053420066","service_hours":"Mo-Sa 7:30-17:30","utc_offset":"-360","gplace_id":null,"gplace_url":"https://maps.google.com/?cid=10550633202796137022","dealerID":76980,"trusted":false,"image_id":"v1597283930/mini_RM.png","phone":"8558175336","cityStateSlug":"albuquerque.nm","slug":"Albuquerque.NM/sandia+mini","location":"35.1486205,-106.5929407","brandsList":["mini"]},{"id":12864,"crm_id":114996218,"name":"Santa Fe MINI","dealerSlug":"santa+fe+mini","city_state_slug":"Santa-Fe.NM","brand":"MINI","website":"www.santafemini.com","address":"2544 Camino Ortiz","city":"Santa Fe","state":"NM","zip":87507,"latitude":35.6328949,"longitude":-106.0257965,"phone_number_service":"8558175238","phone_number_main":"5053955900","service_hours":"Mo-Fr 08:30 - 18:00 | Sa 09:00-15:00","utc_offset":"-360","gplace_id":null,"gplace_url":"https://maps.google.com/?cid=3796875050171414125","dealerID":76981,"trusted":false,"image_id":"v1597283930/mini_RM.png","phone":"8558175238","cityStateSlug":"santa-fe.nm","slug":"Santa-Fe.NM/santa+fe+mini","location":"35.6328949,-106.0257965","brandsList":["mini"]},{"id":10966,"crm_id":115789514,"name":"Octane Buick GMC","dealerSlug":"octane+buick+gmc","city_state_slug":"Santa-Fe.NM","brand":"Buick,GMC","website":"www.octanebuickgmc.com","address":"2721 Cerrillos Rd","city":"Santa Fe","state":"NM","zip":87507,"latitude":35.6588711,"longitude":-105.9869074,"phone_number_service":"5056291370","phone_number_main":"5053954700","service_hours":"Mo-Fr 07:30 - 17:00","utc_offset":"-360","gplace_id":null,"gplace_url":"https://maps.google.com/?cid=3693538525858108110","dealerID":77223,"trusted":false,"image_id":"v1597283981/buick_RM.png","phone":"5056291370","cityStateSlug":"santa-fe.nm","slug":"Santa-Fe.NM/octane+buick+gmc","location":"35.6588711,-105.9869074","brandsList":["buick","gmc"]}]