[{"id":17051,"crm_id":999,"name":"Mercedes-Benz of Reno","dealerSlug":"mercedes+benz+of+reno","city_state_slug":"Reno.NV","brand":"Mercedes-Benz","website":"www.reno.mercedesdealer.com","address":"11500 South Virginia Street","city":"Reno","state":"NV","zip":89511,"latitude":39.4269173,"longitude":-119.7607684,"phone_number_service":"7753264000","phone_number_main":"8888677310","service_hours":"","utc_offset":"","gplace_id":0,"gplace_url":"","dealerID":60524,"trusted":false,"image_id":"v1597283934/mercedes_RM.png","phone":"7753264000","cityStateSlug":"reno.nv","slug":"Reno.NV/mercedes+benz+of+reno","location":"39.4269173,-119.7607684","brandsList":["mercedes-benz"]},{"id":17756,"crm_id":999,"name":"United Nissan","dealerSlug":"united+nissan","city_state_slug":"Las-Vegas.NV","brand":"Nissan","website":"www.unitednissan.com","address":"3025 E SAHARA AVE","city":"Las Vegas","state":"NV","zip":89104,"latitude":36.144222,"longitude":-115.109192,"phone_number_service":"7022078000","phone_number_main":"","service_hours":"Mo-Sa 08:30 - 22:00\n | Su Closed","utc_offset":"","gplace_id":0,"gplace_url":"","dealerID":61085,"trusted":false,"image_id":"v1597283926/nissan_RM.png","phone":"7022078000","cityStateSlug":"las-vegas.nv","slug":"Las-Vegas.NV/united+nissan","location":"36.144222,-115.109192","brandsList":["nissan"]},{"id":16656,"crm_id":999,"name":"Humboldt Ford","dealerSlug":"humboldt+ford","city_state_slug":"Winnemucca.NV","brand":"Ford","website":"www.humboldtford.net","address":"3305 Potato Road","city":"Winnemucca","state":"NV","zip":89445,"latitude":40.957021,"longitude":-117.747611,"phone_number_service":"7756215006","phone_number_main":"","service_hours":"Mo-Sa 08:30 - 17:30 | Su Closed","utc_offset":"","gplace_id":0,"gplace_url":"","dealerID":61151,"trusted":false,"image_id":"v1597283967/ford_RM.png","phone":"7756215006","cityStateSlug":"winnemucca.nv","slug":"Winnemucca.NV/humboldt+ford","location":"40.957021,-117.747611","brandsList":["ford"]},{"id":17348,"crm_id":999,"name":"Rackley Chrysler Dodge Jeep RAM","dealerSlug":"rackley+chrysler+dodge+jeep+ram","city_state_slug":"Winnemucca.NV","brand":"Chrysler,Dodge,Jeep,RAM","website":"www.rackleycdjr.com","address":"5050 E Winnemucca Blvd","city":"Winnemucca","state":"NV","zip":89445,"latitude":40.977168,"longitude":-117.715603,"phone_number_service":"7756235005","phone_number_main":"","service_hours":"Mo-Fr 09:00 - 18:00 | Sa 09:30 - 16:00 | Su Closed","utc_offset":"","gplace_id":0,"gplace_url":"","dealerID":61359,"trusted":false,"image_id":"v1597283975/chrysler_RM.png","phone":"7756235005","cityStateSlug":"winnemucca.nv","slug":"Winnemucca.NV/rackley+chrysler+dodge+jeep+ram","location":"40.977168,-117.715603","brandsList":["chrysler","dodge","jeep","ram"]},{"id":17465,"crm_id":999,"name":"Sahara Motors Ely","dealerSlug":"sahara+motors+ely","city_state_slug":"Ely.NV","brand":"Chrysler,Dodge,Jeep,RAM","website":"www.saharamotorsely.com","address":"585 N McGill Highway","city":"Ely","state":"NV","zip":89301,"latitude":39.314155,"longitude":-114.840433,"phone_number_service":"7752894473","phone_number_main":"","service_hours":"Mo-Fr 08:00 - 18:00 | Sa 09:00 - 14:00 | Su Closed","utc_offset":"","gplace_id":0,"gplace_url":"","dealerID":61421,"trusted":false,"image_id":"v1597283975/chrysler_RM.png","phone":"7752894473","cityStateSlug":"ely.nv","slug":"Ely.NV/sahara+motors+ely","location":"39.314155,-114.840433","brandsList":["chrysler","dodge","jeep","ram"]},{"id":16485,"crm_id":999,"name":"Gaudin Ford","dealerSlug":"gaudin+ford","city_state_slug":"Las-Vegas.NV","brand":"Ford","website":"www.gaudinforddirect.com","address":"6625 Roy Horn Way","city":"Las Vegas","state":"NV","zip":89118,"latitude":36.065957,"longitude":-115.236289,"phone_number_service":"7027312121","phone_number_main":"","service_hours":"Mo-Fr 08:00 - 16:30 | Sa-Su Closed","utc_offset":"","gplace_id":0,"gplace_url":"","dealerID":61498,"trusted":false,"image_id":"v1597283967/ford_RM.png","phone":"7027312121","cityStateSlug":"las-vegas.nv","slug":"Las-Vegas.NV/gaudin+ford","location":"36.065957,-115.236289","brandsList":["ford"]},{"id":4064,"crm_id":50460853,"name":"Dolan Dodge RAM FIAT","dealerSlug":"dolan+dodge+ram+fiat","city_state_slug":"Reno.NV","brand":"Dodge,RAM,Fiat","website":"www.dolandodgeram.com/","address":"700 Kietzke Ln","city":"Reno","state":"NV","zip":89502,"latitude":39.5202658,"longitude":-119.790451,"phone_number_service":"7755575519","phone_number_main":"7753287071","service_hours":"Mo-Fr 07:00 - 18:00","utc_offset":"-420","gplace_id":null,"gplace_url":"https://maps.google.com/?cid=13075623776297342465","dealerID":61788,"trusted":false,"image_id":"v1597283974/dodge.png","phone":"7755575519","cityStateSlug":"reno.nv","slug":"Reno.NV/dolan+dodge+ram+fiat","location":"39.5202658,-119.790451","brandsList":["dodge","ram","fiat"]},{"id":14736,"crm_id":50460856,"name":"United Nissan Reno","dealerSlug":"united+nissan+reno","city_state_slug":"Reno.NV","brand":"Nissan","website":"www.unitednissanreno.com","address":"865 Kietzke Ln","city":"Reno","state":"NV","zip":89502,"latitude":39.5182235,"longitude":-119.7901135,"phone_number_service":"7752040702","phone_number_main":"7752040702","service_hours":"Mo-Fr 07:30 - 18:00 | Sa 08:00-18:00","utc_offset":"-420","gplace_id":null,"gplace_url":"https://maps.google.com/?cid=7665585552037599581","dealerID":61789,"trusted":false,"image_id":"v1597283926/nissan_RM.png","phone":"7752040702","cityStateSlug":"reno.nv","slug":"Reno.NV/united+nissan+reno","location":"39.5182235,-119.7901135","brandsList":["nissan"]},{"id":2701,"crm_id":50467867,"name":"Centennial Hyundai","dealerSlug":"centennial+hyundai","city_state_slug":"Las-Vegas.NV","brand":"Hyundai","website":"www.centennialhyundailasvegas.com","address":"6200 Centennial Center Blvd","city":"Las Vegas","state":"NV","zip":89149,"latitude":36.2736282,"longitude":-115.2655764,"phone_number_service":"7024306914","phone_number_main":"7024832200","service_hours":"Mo-Fr 07:00 - 18:00 | Sa 07:00 - 16:00","utc_offset":"-420","gplace_id":null,"gplace_url":"https://maps.google.com/?cid=265762961397457693","dealerID":61821,"trusted":false,"image_id":"v1597283959/hyundai_RM.png","phone":"7024306914","cityStateSlug":"las-vegas.nv","slug":"Las-Vegas.NV/centennial+hyundai","location":"36.2736282,-115.2655764","brandsList":["hyundai"]},{"id":2702,"crm_id":50467870,"name":"Centennial Toyota","dealerSlug":"centennial+toyota","city_state_slug":"Las-Vegas.NV","brand":"Toyota","website":"www.centennialtoyota.com","address":"6551 Centennial Center Blvd","city":"Las Vegas","state":"NV","zip":89149,"latitude":36.275771,"longitude":-115.273577,"phone_number_service":"7024759892","phone_number_main":"7023429220","service_hours":"Mo-Sa 08:00 - 17:00","utc_offset":"-420","gplace_id":null,"gplace_url":"https://maps.google.com/?cid=2805235493209747394","dealerID":50095,"trusted":true,"image_id":"v1597284039/toyota_ms.png","phone":"7024759892","cityStateSlug":"las-vegas.nv","slug":"Las-Vegas.NV/centennial+toyota","location":"36.275771,-115.273577","brandsList":["toyota"]},{"id":7412,"crm_id":50467915,"name":"Jim Marsh Kia","dealerSlug":"jim+marsh+kia","city_state_slug":"Las-Vegas.NV","brand":"Kia","website":"www.jimmarshkia.com","address":"8555 W Centennial Pkwy","city":"Las Vegas","state":"NV","zip":89149,"latitude":36.2766491,"longitude":-115.281522,"phone_number_service":"8665216618","phone_number_main":"7029461000","service_hours":"Mo-Fr 07:00 - 17:00 | Sa 07:30 - 12:00","utc_offset":"-420","gplace_id":null,"gplace_url":"https://maps.google.com/?cid=3094326471406519986","dealerID":61833,"trusted":false,"image_id":"v1597283948/kia_RM.png","phone":"8665216618","cityStateSlug":"las-vegas.nv","slug":"Las-Vegas.NV/jim+marsh+kia","location":"36.2766491,-115.281522","brandsList":["kia"]},{"id":3802,"crm_id":51925159,"name":"David Wilson's Toyota of Las Vegas","dealerSlug":"david+wilsons+toyota+of+las+vegas","city_state_slug":"Las-Vegas.NV","brand":"Toyota","website":"www.dwtoyotalasvegas.com","address":"3255 E Sahara Ave","city":"Las Vegas","state":"NV","zip":89104,"latitude":36.1433549,"longitude":-115.1047291,"phone_number_service":"8556470829","phone_number_main":"7024572000","service_hours":"Mo-Fr 07:00 - 18:00 | Sa 07:00 - 16:00","utc_offset":"-420","gplace_id":null,"gplace_url":"https://maps.google.com/?cid=7078635114639696989","dealerID":50119,"trusted":true,"image_id":"v1597284039/toyota_ms.png","phone":"8556470829","cityStateSlug":"las-vegas.nv","slug":"Las-Vegas.NV/david+wilsons+toyota+of+las+vegas","location":"36.1433549,-115.1047291","brandsList":["toyota"]},{"id":2793,"crm_id":51926389,"name":"Chapman Chrysler Jeep","dealerSlug":"chapman+chrysler+jeep","city_state_slug":"Henderson.NV","brand":"Chrysler,Jeep","website":"www.chapmanchryslerjeep.com","address":"930 Auto Show Dr","city":"Henderson","state":"NV","zip":89014,"latitude":36.0460456,"longitude":-115.0259321,"phone_number_service":"7025583097","phone_number_main":"7025583000","service_hours":"Mo-Fr 07:00 - 18:00 | Sa 07:00 - 17:00","utc_offset":"-420","gplace_id":null,"gplace_url":"https://maps.google.com/?cid=7011476130847042290","dealerID":62140,"trusted":false,"image_id":"v1597283975/chrysler_RM.png","phone":"7025583097","cityStateSlug":"henderson.nv","slug":"Henderson.NV/chapman+chrysler+jeep","location":"36.0460456,-115.0259321","brandsList":["chrysler","jeep"]},{"id":4065,"crm_id":53504242,"name":"Dolan Fernley Chrysler Jeep Dodge RAM","dealerSlug":"dolan+fernley+chrysler+jeep+dodge+ram","city_state_slug":"Fernley.NV","brand":"Chrysler,Dodge,Jeep,RAM","website":"www.dolanfernleyjeep.com","address":"1395 Newlands Dr E","city":"Fernley","state":"NV","zip":89408,"latitude":39.6083782,"longitude":-119.2194561,"phone_number_service":"7752358169","phone_number_main":"7754043330","service_hours":"Mo-Fr 07:00 - 18:00","utc_offset":"-420","gplace_id":null,"gplace_url":"https://maps.google.com/?cid=5684549859771859642","dealerID":62271,"trusted":false,"image_id":"v1597283975/chrysler_RM.png","phone":"7752358169","cityStateSlug":"fernley.nv","slug":"Fernley.NV/dolan+fernley+chrysler+jeep+dodge+ram","location":"39.6083782,-119.2194561","brandsList":["chrysler","dodge","jeep","ram"]},{"id":2616,"crm_id":60526780,"name":"Carson Dodge Chrysler Jeep RAM","dealerSlug":"carson+dodge+chrysler+jeep+ram","city_state_slug":"Carson-City.NV","brand":"Chrysler,Dodge,Jeep,RAM","website":"www.carsonchryslerdodge.com","address":"3059 S Carson St","city":"Carson City","state":"NV","zip":89701,"latitude":39.139638,"longitude":-119.767531,"phone_number_service":"7752974808","phone_number_main":"7758832020","service_hours":"Mo-Fr 07:30 - 17:30 | Sa 08:00 - 17:00","utc_offset":"-420","gplace_id":null,"gplace_url":"https://maps.google.com/?cid=16458592199145372255","dealerID":62455,"trusted":false,"image_id":"v1597283975/chrysler_RM.png","phone":"7752974808","cityStateSlug":"carson-city.nv","slug":"Carson-City.NV/carson+dodge+chrysler+jeep+ram","location":"39.139638,-119.767531","brandsList":["chrysler","dodge","jeep","ram"]},{"id":4333,"crm_id":62549101,"name":"Earnhardt Mazda Las Vegas","dealerSlug":"earnhardt+mazda+las+vegas","city_state_slug":"Las-Vegas.NV","brand":"Mazda","website":"www.earnhardtmazda.vegas","address":"6525 Centennial Center Blvd","city":"Las Vegas","state":"NV","zip":89149,"latitude":36.2756591,"longitude":-115.2724227,"phone_number_service":"8777941548","phone_number_main":"7027841100","service_hours":"Mo-Fr 07:00 - 18:00 | Sa 07:00 - 16:00","utc_offset":"-420","gplace_id":null,"gplace_url":"https://maps.google.com/?cid=2153272278254826699","dealerID":62494,"trusted":false,"image_id":"v1597283937/mazda.png","phone":"8777941548","cityStateSlug":"las-vegas.nv","slug":"Las-Vegas.NV/earnhardt+mazda+las+vegas","location":"36.2756591,-115.2724227","brandsList":["mazda"]},{"id":5444,"crm_id":63523357,"name":"Gaudin Porsche of Las Vegas","dealerSlug":"gaudin+porsche+of+las+vegas","city_state_slug":"Las-Vegas.NV","brand":"Audi","website":"www.gaudinporschelv.com","address":"6800 Redwood St","city":"Las Vegas","state":"NV","zip":89118,"latitude":36.0651268,"longitude":-115.23738,"phone_number_service":"8778732152","phone_number_main":"7023836800","service_hours":"Mo-Fr 07:00 - 18:00 | Sa 08:00 - 14:00","utc_offset":"-420","gplace_id":null,"gplace_url":"https://maps.google.com/?cid=11582679606608401952","dealerID":62539,"trusted":false,"image_id":"v1597283985/audi_RM.png","phone":"8778732152","cityStateSlug":"las-vegas.nv","slug":"Las-Vegas.NV/gaudin+porsche+of+las+vegas","location":"36.0651268,-115.23738","brandsList":["audi"]},{"id":8700,"crm_id":64867447,"name":"Lexus of Henderson","dealerSlug":"lexus+of+henderson","city_state_slug":"Henderson.NV","brand":"Lexus","website":"www.lexusofhenderson.com","address":"7736 Eastgate Rd","city":"Henderson","state":"NV","zip":89011,"latitude":36.0484261,"longitude":-115.0183991,"phone_number_service":"7022287736","phone_number_main":"7029975903","service_hours":"Mo-Fr 07:00 - 17:00 | Sa 07:00 - 16:00","utc_offset":"-420","gplace_id":null,"gplace_url":"https://maps.google.com/?cid=6703433864109999638","dealerID":62590,"trusted":false,"image_id":"v1597284042/lexus_ms.png","phone":"7022287736","cityStateSlug":"henderson.nv","slug":"Henderson.NV/lexus+of+henderson","location":"36.0484261,-115.0183991","brandsList":["lexus"]},{"id":8709,"crm_id":65648041,"name":"Lexus of Las Vegas","dealerSlug":"lexus+of+las+vegas","city_state_slug":"Las-Vegas.NV","brand":"Lexus","website":"www.lexusoflasvegas.com","address":"6600 W Sahara Ave","city":"Las Vegas","state":"NV","zip":89146,"latitude":36.144815,"longitude":-115.237437,"phone_number_service":"7029426600","phone_number_main":"7029426600","service_hours":"Mo-Fr 07:00 - 18:00 | Sa 08:00 - 16:00","utc_offset":"-420","gplace_id":null,"gplace_url":"https://maps.google.com/?cid=17755999658492395429","dealerID":62632,"trusted":false,"image_id":"v1597284042/lexus_ms.png","phone":"7029426600","cityStateSlug":"las-vegas.nv","slug":"Las-Vegas.NV/lexus+of+las+vegas","location":"36.144815,-115.237437","brandsList":["lexus"]},{"id":2558,"crm_id":66705943,"name":"CardinaleWay Mazda - Las Vegas","dealerSlug":"cardinaleway+mazda+las+vegas","city_state_slug":"Las-Vegas.NV","brand":"Mazda","website":"www.cardinalewaymazdalasvegas.com","address":"6950 W Sahara Ave","city":"Las Vegas","state":"NV","zip":89117,"latitude":36.1449307,"longitude":-115.2458631,"phone_number_service":"7025387000","phone_number_main":"7026374746","service_hours":"Mo-Fr 07:00 - 17:00 | Sa 08:00 - 14:00","utc_offset":"-420","gplace_id":null,"gplace_url":"https://maps.google.com/?cid=5660140327518840313","dealerID":50878,"trusted":true,"image_id":"v1597283937/mazda.png","phone":"7025387000","cityStateSlug":"las-vegas.nv","slug":"Las-Vegas.NV/cardinaleway+mazda+las+vegas","location":"36.1449307,-115.2458631","brandsList":["mazda"]},{"id":4067,"crm_id":67034203,"name":"Dolan Mazda","dealerSlug":"dolan+mazda","city_state_slug":"Reno.NV","brand":"Mazda","website":"www.dolanrenomazda.com","address":"9475 S Virginia St","city":"Reno","state":"NV","zip":89511,"latitude":39.4449074,"longitude":-119.7744049,"phone_number_service":"7758251370","phone_number_main":"7758260204","service_hours":"Mo-Fr 07:00 - 18:00","utc_offset":"-420","gplace_id":null,"gplace_url":"https://maps.google.com/?cid=335958678178532385","dealerID":63368,"trusted":false,"image_id":"v1597283937/mazda.png","phone":"7758251370","cityStateSlug":"reno.nv","slug":"Reno.NV/dolan+mazda","location":"39.4449074,-119.7744049","brandsList":["mazda"]},{"id":2614,"crm_id":67034563,"name":"Carson City Hyundai","dealerSlug":"carson+city+hyundai","city_state_slug":"Carson-City.NV","brand":"Hyundai","website":"www.carsoncityhyundai.com","address":"3659 S Carson St","city":"Carson City","state":"NV","zip":89701,"latitude":39.134057,"longitude":-119.7689749,"phone_number_service":"7754190962","phone_number_main":"7753014600","service_hours":"Mo-Fr 08:00 - 17:00","utc_offset":"-420","gplace_id":null,"gplace_url":"https://maps.google.com/?cid=18352784109222258562","dealerID":63471,"trusted":false,"image_id":"v1597283959/hyundai_RM.png","phone":"7754190962","cityStateSlug":"carson-city.nv","slug":"Carson-City.NV/carson+city+hyundai","location":"39.134057,-119.7689749","brandsList":["hyundai"]},{"id":4650,"crm_id":67034710,"name":"Fairway Chevrolet Truck Mega Store","dealerSlug":"fairway+chevrolet+truck+mega+store","city_state_slug":"Las-Vegas.NV","brand":"Chevrolet","website":"fairwaychevy.com","address":"3100 E Sahara Ave","city":"Las Vegas","state":"NV","zip":89104,"latitude":36.145078,"longitude":-115.1068928,"phone_number_service":"7025084999","phone_number_main":"7029487865","service_hours":"Mo-Fr 07:00 - 18:00 | Sa 08:00 - 15:00","utc_offset":"-420","gplace_id":null,"gplace_url":"https://maps.google.com/?cid=16052815564981397818","dealerID":63514,"trusted":false,"image_id":"v1597284079/chevy_ms.png","phone":"7025084999","cityStateSlug":"las-vegas.nv","slug":"Las-Vegas.NV/fairway+chevrolet+truck+mega+store","location":"36.145078,-115.1068928","brandsList":["chevrolet"]},{"id":9926,"crm_id":67034992,"name":"Michael Hohl Subaru","dealerSlug":"michael+hohl+subaru","city_state_slug":"Carson-City.NV","brand":"Subaru","website":"www.michaelhohlsubaru.com","address":"2910 S Carson St","city":"Carson City","state":"NV","zip":89701,"latitude":39.1406513,"longitude":-119.7695461,"phone_number_service":"8777529030","phone_number_main":"7758850400","service_hours":"Mo-Fr 07:00 - 18:00 | Sa 08:00 - 17:00","utc_offset":"-420","gplace_id":null,"gplace_url":"https://maps.google.com/?cid=12809791893866153857","dealerID":63582,"trusted":false,"image_id":"v1597283982/subaru_ms.png","phone":"8777529030","cityStateSlug":"carson-city.nv","slug":"Carson-City.NV/michael+hohl+subaru","location":"39.1406513,-119.7695461","brandsList":["subaru"]},{"id":1503,"crm_id":67035016,"name":"Bill Pearce Courtesy Honda","dealerSlug":"bill+pearce+courtesy+honda","city_state_slug":"Reno.NV","brand":"Honda","website":"www.billpearcehonda.com","address":"780 Kietzke Ln","city":"Reno","state":"NV","zip":89502,"latitude":39.519176,"longitude":-119.788306,"phone_number_service":"7754304111","phone_number_main":"7757897999","service_hours":"Mo-Sa 07:30 - 17:30","utc_offset":"-420","gplace_id":null,"gplace_url":"https://maps.google.com/?cid=14909787163883596254","dealerID":63587,"trusted":false,"image_id":"v1597284047/honda_ms.png","phone":"7754304111","cityStateSlug":"reno.nv","slug":"Reno.NV/bill+pearce+courtesy+honda","location":"39.519176,-119.788306","brandsList":["honda"]},{"id":6251,"crm_id":67035220,"name":"Henderson Hyundai","dealerSlug":"henderson+hyundai","city_state_slug":"Henderson.NV","brand":"Hyundai","website":"www.hendersonhyundai.com","address":"460 N Boulder Hwy","city":"Henderson","state":"NV","zip":89015,"latitude":36.0450037,"longitude":-114.9862193,"phone_number_service":"7027060291","phone_number_main":"7028006127","service_hours":"Mo-Fr 07:00-18:00 | Sa 07:00-16:00","utc_offset":"-420","gplace_id":null,"gplace_url":"https://maps.google.com/?cid=66207566271167436","dealerID":63646,"trusted":false,"image_id":"v1597283959/hyundai_RM.png","phone":"7027060291","cityStateSlug":"henderson.nv","slug":"Henderson.NV/henderson+hyundai","location":"36.0450037,-114.9862193","brandsList":["hyundai"]},{"id":6662,"crm_id":67035613,"name":"Honda West","dealerSlug":"honda+west","city_state_slug":"Las-Vegas.NV","brand":"Honda","website":"www.hondawest.net","address":"7615 W Sahara Ave","city":"Las Vegas","state":"NV","zip":89117,"latitude":36.1430861,"longitude":-115.2575963,"phone_number_service":"8007280379","phone_number_main":"8002499504","service_hours":"Mo-Fr 07:30-18:00 | Sa 08:00-16:00","utc_offset":"-420","gplace_id":null,"gplace_url":"https://maps.google.com/?cid=885892418267025323","dealerID":51861,"trusted":true,"image_id":"v1597284047/honda_ms.png","phone":"8007280379","cityStateSlug":"las-vegas.nv","slug":"Las-Vegas.NV/honda+west","location":"36.1430861,-115.2575963","brandsList":["honda"]},{"id":8898,"crm_id":67036138,"name":"Lithia Reno Subaru","dealerSlug":"lithia+reno+subaru","city_state_slug":"Reno.NV","brand":"Subaru","website":"www.lithiasubarureno.com","address":"2270 Kietzke Ln","city":"Reno","state":"NV","zip":89502,"latitude":39.501202,"longitude":-119.787956,"phone_number_service":"7756245369","phone_number_main":"7758005534","service_hours":"Mo-Fr 07:30 - 17:30 | Sa 07:30 - 17:30","utc_offset":"-420","gplace_id":null,"gplace_url":"https://maps.google.com/?cid=186944128241242193","dealerID":63894,"trusted":false,"image_id":"v1597283982/subaru_ms.png","phone":"7756245369","cityStateSlug":"reno.nv","slug":"Reno.NV/lithia+reno+subaru","location":"39.501202,-119.787956","brandsList":["subaru"]},{"id":14385,"crm_id":67037815,"name":"Towbin Dodge","dealerSlug":"towbin+dodge","city_state_slug":"Henderson.NV","brand":"Dodge,RAM","website":"www.towbindodge.net","address":"275 Auto Mall Dr","city":"Henderson","state":"NV","zip":89014,"latitude":36.047685,"longitude":-115.0253679,"phone_number_service":"​8889736196","phone_number_main":"7025583800","service_hours":"Mo-Fr 07:00 - 18:00 | Sa 07:00 - 17:00","utc_offset":"-420","gplace_id":null,"gplace_url":"https://maps.google.com/?cid=15589082556786563408","dealerID":64367,"trusted":false,"image_id":"v1597283974/dodge.png","phone":"8889736196","cityStateSlug":"henderson.nv","slug":"Henderson.NV/towbin+dodge","location":"36.047685,-115.0253679","brandsList":["dodge","ram"]},{"id":2615,"crm_id":67038040,"name":"Carson City Toyota","dealerSlug":"carson+city+toyota","city_state_slug":"Carson-City.NV","brand":"Toyota","website":"www.carsoncitytoyota.com","address":"2590 S Carson St","city":"Carson City","state":"NV","zip":89701,"latitude":39.1439301,"longitude":-119.7692953,"phone_number_service":"7752307720","phone_number_main":"7758828211","service_hours":"Mo-Sa 07:00 - 18:00","utc_offset":"-420","gplace_id":null,"gplace_url":"https://maps.google.com/?cid=16487362433626014286","dealerID":64432,"trusted":false,"image_id":"v1597284039/toyota_ms.png","phone":"7752307720","cityStateSlug":"carson-city.nv","slug":"Carson-City.NV/carson+city+toyota","location":"39.1439301,-119.7692953","brandsList":["toyota"]},{"id":90,"crm_id":67038526,"name":"Acura of Reno","dealerSlug":"acura+of+reno","city_state_slug":"Reno.NV","brand":"Acura","website":"www.acuraofreno.com","address":"11550 S Virginia St","city":"Reno","state":"NV","zip":89511,"latitude":39.4263733,"longitude":-119.7601021,"phone_number_service":"8888150202","phone_number_main":"8887996555","service_hours":"Mo-Fr 07:00 - 18:00 | Sa 08:00 - 17:00","utc_offset":"-420","gplace_id":null,"gplace_url":"https://maps.google.com/?cid=12799452315027650272","dealerID":64563,"trusted":false,"image_id":"v1597283988/acura.png","phone":"8888150202","cityStateSlug":"reno.nv","slug":"Reno.NV/acura+of+reno","location":"39.4263733,-119.7601021","brandsList":["acura"]},{"id":12240,"crm_id":67039735,"name":"Reno Buick GMC","dealerSlug":"reno+buick+gmc","city_state_slug":"Reno.NV","brand":"Buick,GMC","website":"www.renogmc.com","address":"900 Kietzke Ln","city":"Reno","state":"NV","zip":89502,"latitude":39.5168254,"longitude":-119.7878808,"phone_number_service":"7753289001","phone_number_main":"7753289001","service_hours":"Mo-Fr 07:00 -15:00","utc_offset":"-420","gplace_id":null,"gplace_url":"https://maps.google.com/?cid=9695390278526070799","dealerID":64896,"trusted":false,"image_id":"v1597283981/buick_RM.png","phone":"7753289001","cityStateSlug":"reno.nv","slug":"Reno.NV/reno+buick+gmc","location":"39.5168254,-119.7878808","brandsList":["buick","gmc"]},{"id":7132,"crm_id":67039966,"name":"Jaguar Las Vegas","dealerSlug":"jaguar+las+vegas","city_state_slug":"Las-Vegas.NV","brand":"Jaguar","website":"www.jaguarlv.com","address":"6425 W Roy Horn Way","city":"Las Vegas","state":"NV","zip":89118,"latitude":36.0652778,"longitude":-115.2317671,"phone_number_service":"7025790400","phone_number_main":"7025790400","service_hours":"Mo-Fr 08:00 - 18:00 | Sa 08:00 - 14:00","utc_offset":"-420","gplace_id":null,"gplace_url":"https://maps.google.com/?cid=15131303845884619271","dealerID":64959,"trusted":false,"image_id":"v1597283954/jaguar_RM.png","phone":"7025790400","cityStateSlug":"las-vegas.nv","slug":"Las-Vegas.NV/jaguar+las+vegas","location":"36.0652778,-115.2317671","brandsList":["jaguar"]},{"id":4799,"crm_id":67041064,"name":"Findlay Acura","dealerSlug":"findlay+acura","city_state_slug":"Henderson.NV","brand":"Acura","website":"findlayacura.com","address":"315 Auto Mall Dr","city":"Henderson","state":"NV","zip":89014,"latitude":36.0506376,"longitude":-115.0259846,"phone_number_service":"7029824139","phone_number_main":"7029824100","service_hours":"Mo-Fr 07:00 - 18:00 | Sa 07:00 - 16:00","utc_offset":"-420","gplace_id":null,"gplace_url":"https://maps.google.com/?cid=5412302031845796195","dealerID":65247,"trusted":false,"image_id":"v1597283988/acura.png","phone":"7029824139","cityStateSlug":"henderson.nv","slug":"Henderson.NV/findlay+acura","location":"36.0506376,-115.0259846","brandsList":["acura"]},{"id":4816,"crm_id":67043878,"name":"Findlay Volkswagen Henderson","dealerSlug":"findlay+volkswagen+henderson","city_state_slug":"Henderson.NV","brand":"Volkswagen","website":"www.findlayvw.com","address":"983 Auto Show Dr","city":"Henderson","state":"NV","zip":89014,"latitude":36.044226,"longitude":-115.0273858,"phone_number_service":"7028576820","phone_number_main":"7025586600","service_hours":"Mo-Fr 07:00 - 18:00 | Sa 08:00 - 17:00","utc_offset":"-420","gplace_id":null,"gplace_url":"https://maps.google.com/?cid=7223650119408255231","dealerID":66007,"trusted":false,"image_id":"v1597283902/volkswagen.png","phone":"7028576820","cityStateSlug":"henderson.nv","slug":"Henderson.NV/findlay+volkswagen+henderson","location":"36.044226,-115.0273858","brandsList":["volkswagen"]},{"id":4802,"crm_id":67046662,"name":"Findlay Chevrolet","dealerSlug":"findlay+chevrolet","city_state_slug":"Las-Vegas.NV","brand":"Chevrolet","website":"findlaychevy.com","address":"6800 S Torrey Pines Dr","city":"Las Vegas","state":"NV","zip":89118,"latitude":36.0648712,"longitude":-115.2343237,"phone_number_service":"7024301245","phone_number_main":"7029824000","service_hours":"Mo-Fr 07:00 - 20:00 | Sa 07:00 - 17:00","utc_offset":"-420","gplace_id":null,"gplace_url":"https://maps.google.com/?cid=8926222638009466692","dealerID":66743,"trusted":false,"image_id":"v1597284079/chevy_ms.png","phone":"7024301245","cityStateSlug":"las-vegas.nv","slug":"Las-Vegas.NV/findlay+chevrolet","location":"36.0648712,-115.2343237","brandsList":["chevrolet"]},{"id":4066,"crm_id":67047838,"name":"Dolan Lexus","dealerSlug":"dolan+lexus","city_state_slug":"Reno.NV","brand":"Lexus","website":"www.dolanrenolexus.com","address":"7175 S Virginia St","city":"Reno","state":"NV","zip":89511,"latitude":39.460746,"longitude":-119.7826427,"phone_number_service":"7753481090","phone_number_main":"7758265050","service_hours":"Mo-Fr 07:00 - 18:00","utc_offset":"-420","gplace_id":null,"gplace_url":"https://maps.google.com/?cid=3295784257735292289","dealerID":67058,"trusted":false,"image_id":"v1597284042/lexus_ms.png","phone":"7753481090","cityStateSlug":"reno.nv","slug":"Reno.NV/dolan+lexus","location":"39.460746,-119.7826427","brandsList":["lexus"]},{"id":4801,"crm_id":67048942,"name":"Findlay Cadillac","dealerSlug":"findlay+cadillac","city_state_slug":"Henderson.NV","brand":"Cadillac","website":"www.findlaycadillac.com","address":"993 Auto Show Dr","city":"Henderson","state":"NV","zip":89014,"latitude":36.0444444,"longitude":-115.0283333,"phone_number_service":"7024306660","phone_number_main":"7025456781","service_hours":"Mo-Fr 08:00 - 18:00 | Sa 08:00 - 17:00","utc_offset":"-420","gplace_id":null,"gplace_url":"https://maps.google.com/?cid=5917776588488701578","dealerID":67352,"trusted":false,"image_id":"v1597283980/cadillac.png","phone":"7024306660","cityStateSlug":"henderson.nv","slug":"Henderson.NV/findlay+cadillac","location":"36.0444444,-115.0283333","brandsList":["cadillac"]},{"id":4972,"crm_id":67050100,"name":"Ford Country","dealerSlug":"ford+country","city_state_slug":"Henderson.NV","brand":"Ford","website":"www.fordcountryhenderson.com","address":"280 N Gibson Rd","city":"Henderson","state":"NV","zip":89014,"latitude":36.048908,"longitude":-115.027824,"phone_number_service":"7028320842","phone_number_main":"8883608509","service_hours":"Mo-Fr 07:00 - 18:00 | Sa 08:00 - 16:00","utc_offset":"-420","gplace_id":null,"gplace_url":"https://maps.google.com/?cid=2563363462164401847","dealerID":67677,"trusted":false,"image_id":"v1597283967/ford_RM.png","phone":"7028320842","cityStateSlug":"henderson.nv","slug":"Henderson.NV/ford+country","location":"36.048908,-115.027824","brandsList":["ford"]},{"id":9924,"crm_id":67050736,"name":"Michael Hohl Honda","dealerSlug":"michael+hohl+honda","city_state_slug":"Carson-City.NV","brand":"Honda","website":"www.michaelhohlhonda.com","address":"2800 S Carson St","city":"Carson City","state":"NV","zip":89701,"latitude":39.1415803,"longitude":-119.7693829,"phone_number_service":"8778146298","phone_number_main":"7758850400","service_hours":"Mo-Fr 07:00 - 18:00 | Sa 08:00 - 17:00","utc_offset":"-420","gplace_id":null,"gplace_url":"https://maps.google.com/?cid=8775915329210069242","dealerID":67856,"trusted":false,"image_id":"v1597284047/honda_ms.png","phone":"8778146298","cityStateSlug":"carson-city.nv","slug":"Carson-City.NV/michael+hohl+honda","location":"39.1415803,-119.7693829","brandsList":["honda"]},{"id":11713,"crm_id":67050934,"name":"Porsche of Reno","dealerSlug":"porsche+of+reno","city_state_slug":"Reno.NV","brand":"Porsche","website":"reno.porschedealer.com","address":"11555 S Virginia St","city":"Reno","state":"NV","zip":89511,"latitude":39.425331,"longitude":-119.761984,"phone_number_service":"7758262100","phone_number_main":"7753379628","service_hours":"Mo-Fr 07:30 - 17:30 | Sa 08:00 - 13:00","utc_offset":"-420","gplace_id":null,"gplace_url":"https://maps.google.com/?cid=2033614226397500595","dealerID":67907,"trusted":false,"image_id":"v1597283919/porsche.jpg","phone":"7758262100","cityStateSlug":"reno.nv","slug":"Reno.NV/porsche+of+reno","location":"39.425331,-119.761984","brandsList":["porsche"]},{"id":1504,"crm_id":67050940,"name":"Bill Pearce Volvo Cars","dealerSlug":"bill+pearce+volvo+cars","city_state_slug":"Reno.NV","brand":"Volvo","website":"www.billpearcevolvocars.com","address":"11555 S Virginia St","city":"Reno","state":"NV","zip":89511,"latitude":39.425621,"longitude":-119.762145,"phone_number_service":"8775293979","phone_number_main":"7753379653","service_hours":"Mo-Fr 07:30 - 17:30 | Sa 10:00-13:00","utc_offset":"-420","gplace_id":null,"gplace_url":"https://maps.google.com/?cid=17388965568041992181","dealerID":67908,"trusted":false,"image_id":"v1597283901/volvo.jpg","phone":"8775293979","cityStateSlug":"reno.nv","slug":"Reno.NV/bill+pearce+volvo+cars","location":"39.425621,-119.762145","brandsList":["volvo"]},{"id":1502,"crm_id":67051144,"name":"Bill Pearce BMW","dealerSlug":"bill+pearce+bmw","city_state_slug":"Reno.NV","brand":"BMW","website":"www.billpearcebmw.com","address":"11555 S Virginia St","city":"Reno","state":"NV","zip":89511,"latitude":39.425896,"longitude":-119.7624158,"phone_number_service":"7753379649","phone_number_main":"7753379649","service_hours":"Mo-Fr 07:30 - 17:30 | Sa 08:00-13:00","utc_offset":"-420","gplace_id":null,"gplace_url":"https://maps.google.com/?cid=16286428774030305538","dealerID":67965,"trusted":false,"image_id":"v1597283982/bmw_RM.png","phone":"7753379649","cityStateSlug":"reno.nv","slug":"Reno.NV/bill+pearce+bmw","location":"39.425896,-119.7624158","brandsList":["bmw"]},{"id":8878,"crm_id":67055275,"name":"Lithia Chrysler Jeep of Reno","dealerSlug":"lithia+chrysler+jeep+of+reno","city_state_slug":"Reno.NV","brand":"Chrysler,Jeep","website":"www.lithiachryslerreno.com","address":"1050 E Plumb Ln","city":"Reno","state":"NV","zip":89502,"latitude":39.5047111,"longitude":-119.787796,"phone_number_service":"8443516736","phone_number_main":"7755018593","service_hours":"Mo-Fr 07:00 - 18:00 | Sa 08:00 - 17:00","utc_offset":"-420","gplace_id":null,"gplace_url":"https://maps.google.com/?cid=13600529337046336072","dealerID":69096,"trusted":false,"image_id":"v1597283975/chrysler_RM.png","phone":"8443516736","cityStateSlug":"reno.nv","slug":"Reno.NV/lithia+chrysler+jeep+of+reno","location":"39.5047111,-119.787796","brandsList":["chrysler","jeep"]},{"id":4068,"crm_id":67056814,"name":"Dolan Toyota","dealerSlug":"dolan+toyota","city_state_slug":"Reno.NV","brand":"Toyota","website":"www.dolanrenotoyota.com","address":"2100 Kietzke Ln","city":"Reno","state":"NV","zip":89502,"latitude":39.5029096,"longitude":-119.7881736,"phone_number_service":"7758278300","phone_number_main":"7758262750","service_hours":"Mo-Fr 07:00 - 18:00","utc_offset":"-420","gplace_id":null,"gplace_url":"https://maps.google.com/?cid=9765480187581390047","dealerID":69515,"trusted":false,"image_id":"v1597284039/toyota_ms.png","phone":"7758278300","cityStateSlug":"reno.nv","slug":"Reno.NV/dolan+toyota","location":"39.5029096,-119.7881736","brandsList":["toyota"]},{"id":4807,"crm_id":67057327,"name":"Findlay Honda Henderson","dealerSlug":"findlay+honda+henderson","city_state_slug":"Henderson.NV","brand":"Honda","website":"findlayhondahenderson.com","address":"933 Auto Show Dr","city":"Henderson","state":"NV","zip":89014,"latitude":36.0444444,"longitude":-115.0261111,"phone_number_service":"7022462546","phone_number_main":"7023814926","service_hours":"Mo-Fr 07:00 - 18:00 | Sa 07:30 - 17:00","utc_offset":"-420","gplace_id":null,"gplace_url":"https://maps.google.com/?cid=11162094567224942605","dealerID":69653,"trusted":false,"image_id":"v1597284047/honda_ms.png","phone":"7022462546","cityStateSlug":"henderson.nv","slug":"Henderson.NV/findlay+honda+henderson","location":"36.0444444,-115.0261111","brandsList":["honda"]},{"id":2419,"crm_id":67058395,"name":"Cadillac Of Las Vegas","dealerSlug":"cadillac+of+las+vegas","city_state_slug":"Las-Vegas.NV","brand":"Cadillac","website":"www.cadillaclasvegaswest.com","address":"5185 W Sahara Ave","city":"Las Vegas","state":"NV","zip":89146,"latitude":36.1436168,"longitude":-115.2118313,"phone_number_service":"7029792033","phone_number_main":"7029000132","service_hours":"Mo-Sa 08:00 - 17:00","utc_offset":"-420","gplace_id":null,"gplace_url":"https://maps.google.com/?cid=13020159994826698875","dealerID":69954,"trusted":false,"image_id":"v1597283980/cadillac.png","phone":"7029792033","cityStateSlug":"las-vegas.nv","slug":"Las-Vegas.NV/cadillac+of+las+vegas","location":"36.1436168,-115.2118313","brandsList":["cadillac"]},{"id":4001,"crm_id":67059292,"name":"Dick Campagnis Capital Ford","dealerSlug":"dick+campagnis+capital+ford","city_state_slug":"Carson-City.NV","brand":"Ford","website":"www.capitalfordonline.com","address":"3660 S Carson St","city":"Carson City","state":"NV","zip":89701,"latitude":39.1341712,"longitude":-119.7705914,"phone_number_service":"7754002495","phone_number_main":"7758825353","service_hours":"Mo-Fr 07:00 - 18:00 | Sa 08:00 - 17:00","utc_offset":"-420","gplace_id":null,"gplace_url":"https://maps.google.com/?cid=3123621406614757205","dealerID":70206,"trusted":false,"image_id":"v1597283967/ford_RM.png","phone":"7754002495","cityStateSlug":"carson-city.nv","slug":"Carson-City.NV/dick+campagnis+capital+ford","location":"39.1341712,-119.7705914","brandsList":["ford"]},{"id":4812,"crm_id":67077619,"name":"Findlay Toyota","dealerSlug":"findlay+toyota","city_state_slug":"Henderson.NV","brand":"Toyota","website":"findlaytoyota.com","address":"7733 Eastgate Rd","city":"Henderson","state":"NV","zip":89011,"latitude":36.0474496,"longitude":-115.0210065,"phone_number_service":"7024874339","phone_number_main":"7024874547","service_hours":"Mo-Fr 07:00 - 18:00 | Sa 07:00 - 17:00","utc_offset":"-420","gplace_id":null,"gplace_url":"https://maps.google.com/?cid=10019242898606587726","dealerID":74332,"trusted":false,"image_id":"v1597284039/toyota_ms.png","phone":"7024874339","cityStateSlug":"henderson.nv","slug":"Henderson.NV/findlay+toyota","location":"36.0474496,-115.0210065","brandsList":["toyota"]},{"id":6248,"crm_id":67077622,"name":"Henderson Chevrolet","dealerSlug":"henderson+chevrolet","city_state_slug":"Henderson.NV","brand":"Chevrolet","website":"www.hendersonchevy.com","address":"240 N Gibson Rd","city":"Henderson","state":"NV","zip":89014,"latitude":36.0460475,"longitude":-115.0275733,"phone_number_service":"7027282388","phone_number_main":"7029976169","service_hours":"Mo-Fr 07:00 - 18:00 | Sa 08:00 - 15:00","utc_offset":"-420","gplace_id":null,"gplace_url":"https://maps.google.com/?cid=6018683109063178094","dealerID":74333,"trusted":false,"image_id":"v1597284079/chevy_ms.png","phone":"7027282388","cityStateSlug":"henderson.nv","slug":"Henderson.NV/henderson+chevrolet","location":"36.0460475,-115.0275733","brandsList":["chevrolet"]},{"id":6252,"crm_id":67077628,"name":"Henderson Nissan","dealerSlug":"henderson+nissan","city_state_slug":"Henderson.NV","brand":"Nissan","website":"www.hendersonnissan.com","address":"295 Auto Mall Dr","city":"Henderson","state":"NV","zip":89014,"latitude":36.048843,"longitude":-115.0257662,"phone_number_service":"7025585888","phone_number_main":"7025585800","service_hours":"Mo-Fr 07:00 - 18:00 | Sa 07:00 - 16:00","utc_offset":"-420","gplace_id":null,"gplace_url":"https://maps.google.com/?cid=344616059613324888","dealerID":74334,"trusted":false,"image_id":"v1597283926/nissan_RM.png","phone":"7025585888","cityStateSlug":"henderson.nv","slug":"Henderson.NV/henderson+nissan","location":"36.048843,-115.0257662","brandsList":["nissan"]},{"id":4809,"crm_id":67077631,"name":"Findlay Lincoln","dealerSlug":"findlay+lincoln","city_state_slug":"Henderson.NV","brand":"Lincoln","website":"www.findlaylincolnofhenderson.com","address":"310 N Gibson Rd","city":"Henderson","state":"NV","zip":89014,"latitude":36.0506498,"longitude":-115.0279599,"phone_number_service":"8884714095","phone_number_main":"7029824779","service_hours":"Mo-Fr 07:00 - 18:00 | Sa 08:00 - 16:00","utc_offset":"-420","gplace_id":null,"gplace_url":"https://maps.google.com/?cid=17285993700342067596","dealerID":74335,"trusted":false,"image_id":"v1597283942/lincoln_RM.png","phone":"8884714095","cityStateSlug":"henderson.nv","slug":"Henderson.NV/findlay+lincoln","location":"36.0506498,-115.0279599","brandsList":["lincoln"]},{"id":11120,"crm_id":67077637,"name":"Pahrump Valley Auto Plaza","dealerSlug":"pahrump+valley+auto+plaza","city_state_slug":"Pahrump.NV","brand":"Buick,Chevrolet,GMC","website":"www.pahrumpcars.com","address":"2060 E Charleston Park Ave","city":"Pahrump","state":"NV","zip":89048,"latitude":36.2060007,"longitude":-115.9771189,"phone_number_service":"7756368865","phone_number_main":"7759904402","service_hours":"Mo-Fr 07:30 - 18:00 | Sa 07:30 - 14:00","utc_offset":"-420","gplace_id":null,"gplace_url":"https://maps.google.com/?cid=16654303904309113028","dealerID":74336,"trusted":false,"image_id":"v1597283981/buick_RM.png","phone":"7756368865","cityStateSlug":"pahrump.nv","slug":"Pahrump.NV/pahrump+valley+auto+plaza","location":"36.2060007,-115.9771189","brandsList":["buick","chevrolet","gmc"]},{"id":852,"crm_id":67077640,"name":"AutoNation Honda East Las Vegas","dealerSlug":"autonation+honda+east+las+vegas","city_state_slug":"Las-Vegas.NV","brand":"Honda","website":"www.autonationhondaeastlasvegas.com","address":"1700 E Sahara Ave","city":"Las Vegas","state":"NV","zip":89104,"latitude":36.1450707,"longitude":-115.1271585,"phone_number_service":"7025700282","phone_number_main":"7025700282","service_hours":"Mo-Fr 07:00 - 19:00 | Sa 08:00 - 18:00","utc_offset":"-420","gplace_id":null,"gplace_url":"https://maps.google.com/?cid=12417231484716380580","dealerID":74337,"trusted":false,"image_id":"v1597284047/honda_ms.png","phone":"7025700282","cityStateSlug":"las-vegas.nv","slug":"Las-Vegas.NV/autonation+honda+east+las+vegas","location":"36.1450707,-115.1271585","brandsList":["honda"]},{"id":2802,"crm_id":67077643,"name":"Chapman Las Vegas Dodge Chrysler Jeep RAM","dealerSlug":"chapman+las+vegas+dodge+chrysler+jeep+ram","city_state_slug":"Las-Vegas.NV","brand":"Chrysler,Dodge,Jeep,RAM","website":"www.lasvegasdodge.com","address":"3175 E. Sahara","city":"Las Vegas","state":"NV","zip":89104,"latitude":36.143257,"longitude":-115.1059709,"phone_number_service":"7024322434","phone_number_main":"7024571061","service_hours":"Mo-Fr 07:00 - 18:00 | Sa 07:00 - 17:00","utc_offset":"-420","gplace_id":null,"gplace_url":"https://maps.google.com/?cid=2650232402434976207","dealerID":74338,"trusted":false,"image_id":"v1597283975/chrysler_RM.png","phone":"7024322434","cityStateSlug":"las-vegas.nv","slug":"Las-Vegas.NV/chapman+las+vegas+dodge+chrysler+jeep+ram","location":"36.143257,-115.1059709","brandsList":["chrysler","dodge","jeep","ram"]},{"id":4649,"crm_id":67077646,"name":"Fairway Buick GMC","dealerSlug":"fairway+buick+gmc","city_state_slug":"Las-Vegas.NV","brand":"Buick,GMC","website":"www.fairwaybuickgmc.com","address":"3222 E Sahara Ave","city":"Las Vegas","state":"NV","zip":89104,"latitude":36.1456429,"longitude":-115.1048398,"phone_number_service":"7024309019","phone_number_main":"7025456344","service_hours":"Mo-Fr 07:00 - 18:00 | Sa 08:00 - 12:00","utc_offset":"-420","gplace_id":null,"gplace_url":"https://maps.google.com/?cid=2280928112999060136","dealerID":74339,"trusted":false,"image_id":"v1597283981/buick_RM.png","phone":"7024309019","cityStateSlug":"las-vegas.nv","slug":"Las-Vegas.NV/fairway+buick+gmc","location":"36.1456429,-115.1048398","brandsList":["buick","gmc"]},{"id":1687,"crm_id":67077652,"name":"BMW of Las Vegas","dealerSlug":"bmw+of+las+vegas","city_state_slug":"Las-Vegas.NV","brand":"BMW","website":"www.bmwvegas.com","address":"6900 W Sahara Ave","city":"Las Vegas","state":"NV","zip":89117,"latitude":36.1451017,"longitude":-115.244195,"phone_number_service":"7025700279","phone_number_main":"7025700279","service_hours":"Mo-Fr 07:00 - 19:00 | Sa 08:00 - 18:00","utc_offset":"-420","gplace_id":null,"gplace_url":"https://maps.google.com/?cid=9727375756536886812","dealerID":51718,"trusted":true,"image_id":"v1597283982/bmw_RM.png","phone":"7025700279","cityStateSlug":"las-vegas.nv","slug":"Las-Vegas.NV/bmw+of+las+vegas","location":"36.1451017,-115.244195","brandsList":["bmw"]},{"id":2555,"crm_id":67077655,"name":"CardinaleWay Acura","dealerSlug":"cardinaleway+acura","city_state_slug":"Las-Vegas.NV","brand":"Acura","website":"www.cardinalewayacura.com","address":"7000 W Sahara Ave","city":"Las Vegas","state":"NV","zip":89117,"latitude":36.1451203,"longitude":-115.2468088,"phone_number_service":"8887132853","phone_number_main":"7026373242","service_hours":"Mo-Fr 07:00 - 18:00 | Sa 08:00 - 16:00","utc_offset":"-420","gplace_id":null,"gplace_url":"https://maps.google.com/?cid=8953195676909756136","dealerID":74341,"trusted":false,"image_id":"v1597283988/acura.png","phone":"8887132853","cityStateSlug":"las-vegas.nv","slug":"Las-Vegas.NV/cardinaleway+acura","location":"36.1451203,-115.2468088","brandsList":["acura"]},{"id":4905,"crm_id":67077658,"name":"Fletcher Jones Imports","dealerSlug":"fletcher+jones+imports","city_state_slug":"Las-Vegas.NV","brand":"Mercedes-Benz","website":"www.fjimports.com","address":"7300 W Sahara Ave","city":"Las Vegas","state":"NV","zip":89117,"latitude":36.1448479,"longitude":-115.2530015,"phone_number_service":"7023642701","phone_number_main":"7023642700","service_hours":"Mo-Fr 07:00 - 18:00 | Sa 08:00 - 14:00","utc_offset":"-420","gplace_id":null,"gplace_url":"https://maps.google.com/?cid=16213085345362282569","dealerID":74342,"trusted":false,"image_id":"v1597283934/mercedes_RM.png","phone":"7023642701","cityStateSlug":"las-vegas.nv","slug":"Las-Vegas.NV/fletcher+jones+imports","location":"36.1448479,-115.2530015","brandsList":["mercedes-benz"]},{"id":4818,"crm_id":67077661,"name":"Findlay Volvo Cars Las Vegas","dealerSlug":"findlay+volvo+cars+las+vegas","city_state_slug":"Las-Vegas.NV","brand":"Volvo","website":"www.findlayvolvocarslv.com","address":"5385 W Sahara Ave","city":"Las Vegas","state":"NV","zip":89146,"latitude":36.1438044,"longitude":-115.2149641,"phone_number_service":"8667807577","phone_number_main":"7029824900","service_hours":"Mo-Fr  08:00 - 17:00","utc_offset":"-420","gplace_id":null,"gplace_url":"https://maps.google.com/?cid=3236265963357338849","dealerID":74343,"trusted":false,"image_id":"v1597283901/volvo.jpg","phone":"8667807577","cityStateSlug":"las-vegas.nv","slug":"Las-Vegas.NV/findlay+volvo+cars+las+vegas","location":"36.1438044,-115.2149641","brandsList":["volvo"]},{"id":4805,"crm_id":67077667,"name":"Findlay Honda","dealerSlug":"findlay+honda","city_state_slug":"Las-Vegas.NV","brand":"Honda","website":"www.findlayhonda.com","address":"7494 W Azure Dr","city":"Las Vegas","state":"NV","zip":89130,"latitude":36.2754033,"longitude":-115.2577956,"phone_number_service":"8773712906","phone_number_main":"7029824200","service_hours":"Mo-Fr 07:00 - 18:00 | Sa 07:30 - 17:00","utc_offset":"-420","gplace_id":null,"gplace_url":"https://maps.google.com/?cid=9508205947862929310","dealerID":74344,"trusted":false,"image_id":"v1597284047/honda_ms.png","phone":"8773712906","cityStateSlug":"las-vegas.nv","slug":"Las-Vegas.NV/findlay+honda","location":"36.2754033,-115.2577956","brandsList":["honda"]},{"id":8302,"crm_id":67077670,"name":"Land Rover Las Vegas","dealerSlug":"land+rover+las+vegas","city_state_slug":"Las-Vegas.NV","brand":"Land Rover","website":"www.lrlv.com","address":"6425 Roy Horn Way","city":"Las Vegas","state":"NV","zip":89118,"latitude":36.0654022,"longitude":-115.2318498,"phone_number_service":"7025790400","phone_number_main":"7025790400","service_hours":"Mo-Fr 08:00 - 18:00 | Sa 08:00 - 14:00","utc_offset":"-420","gplace_id":null,"gplace_url":"https://maps.google.com/?cid=12822293665188168183","dealerID":74345,"trusted":false,"image_id":"v1597283945/landrover_RM.png","phone":"7025790400","cityStateSlug":"las-vegas.nv","slug":"Las-Vegas.NV/land+rover+las+vegas","location":"36.0654022,-115.2318498","brandsList":["land rover"]},{"id":4808,"crm_id":67077673,"name":"Findlay Kia","dealerSlug":"findlay+kia","city_state_slug":"Las-Vegas.NV","brand":"Kia","website":"findlaykia.com","address":"5325 W Sahara Ave","city":"Las Vegas","state":"NV","zip":89146,"latitude":36.1436064,"longitude":-115.2138998,"phone_number_service":"7022528900","phone_number_main":"7029824591","service_hours":"Mo-Fr 07:00 - 18:00 | Sa 08:00 - 17:00","utc_offset":"-420","gplace_id":null,"gplace_url":"https://maps.google.com/?cid=6326658316099835361","dealerID":74346,"trusted":false,"image_id":"v1597283948/kia_RM.png","phone":"7022528900","cityStateSlug":"las-vegas.nv","slug":"Las-Vegas.NV/findlay+kia","location":"36.1436064,-115.2138998","brandsList":["kia"]},{"id":13774,"crm_id":67077676,"name":"Subaru of Las Vegas","dealerSlug":"subaru+of+las+vegas","city_state_slug":"Las-Vegas.NV","brand":"Subaru","website":"www.subaruoflasvegas.com","address":"6455 Roy Horn Way","city":"Las Vegas","state":"NV","zip":89118,"latitude":36.0651633,"longitude":-115.2329825,"phone_number_service":"8888621880","phone_number_main":"7024952100","service_hours":"Mo-Fr 07:00 - 18:00 | Sa 08:00 - 17:00","utc_offset":"-420","gplace_id":null,"gplace_url":"https://maps.google.com/?cid=14002954853133056702","dealerID":74347,"trusted":false,"image_id":"v1597283982/subaru_ms.png","phone":"8888621880","cityStateSlug":"las-vegas.nv","slug":"Las-Vegas.NV/subaru+of+las+vegas","location":"36.0651633,-115.2329825","brandsList":["subaru"]},{"id":6917,"crm_id":67077682,"name":"INFINITI of Las Vegas","dealerSlug":"infiniti+of+las+vegas","city_state_slug":"Las-Vegas.NV","brand":"INFINITI","website":"www.infinitioflasvegas.com","address":"5555 W Sahara Ave","city":"Las Vegas","state":"NV","zip":89146,"latitude":36.143591,"longitude":-115.2174103,"phone_number_service":"7028722794","phone_number_main":"7028295975","service_hours":"Mo-Fr 07:00-18:00 | Sa 08:00-15:00","utc_offset":"-420","gplace_id":null,"gplace_url":"https://maps.google.com/?cid=11353242815616093932","dealerID":74348,"trusted":false,"image_id":"v1597283957/infiniti_RM.png","phone":"7028722794","cityStateSlug":"las-vegas.nv","slug":"Las-Vegas.NV/infiniti+of+las+vegas","location":"36.143591,-115.2174103","brandsList":["infiniti"]},{"id":10151,"crm_id":67077685,"name":"MINI of Las Vegas","dealerSlug":"mini+of+las+vegas","city_state_slug":"Las-Vegas.NV","brand":"MINI","website":"www.lasvegasmini.com","address":"5750 W Sahara Ave","city":"Las Vegas","state":"NV","zip":89146,"latitude":36.1448333,"longitude":-115.2206667,"phone_number_service":"7025701009","phone_number_main":"7025701009","service_hours":"Mo-Fr 07:00 - 19:00 | Sa 08:00 - 18:00","utc_offset":"-420","gplace_id":null,"gplace_url":"https://maps.google.com/?cid=15194278600821401211","dealerID":74349,"trusted":false,"image_id":"v1597283930/mini_RM.png","phone":"7025701009","cityStateSlug":"las-vegas.nv","slug":"Las-Vegas.NV/mini+of+las+vegas","location":"36.1448333,-115.2206667","brandsList":["mini"]},{"id":881,"crm_id":67077688,"name":"AutoNation Nissan Las Vegas","dealerSlug":"autonation+nissan+las+vegas","city_state_slug":"Las-Vegas.NV","brand":"Nissan","website":"www.autonationnissanlasvegas.com","address":"5800 W Sahara Ave","city":"Las Vegas","state":"NV","zip":89146,"latitude":36.1453952,"longitude":-115.2217823,"phone_number_service":"7025701013","phone_number_main":"7025701013","service_hours":"Mo-Fr 07:00 - 19:00 | Sa 08:00 - 18:00","utc_offset":"-420","gplace_id":null,"gplace_url":"https://maps.google.com/?cid=10617521305956881592","dealerID":74350,"trusted":false,"image_id":"v1597283926/nissan_RM.png","phone":"7025701013","cityStateSlug":"las-vegas.nv","slug":"Las-Vegas.NV/autonation+nissan+las+vegas","location":"36.1453952,-115.2217823","brandsList":["nissan"]},{"id":902,"crm_id":67077694,"name":"AutoNation Toyota Las Vegas","dealerSlug":"autonation+toyota+las+vegas","city_state_slug":"Las-Vegas.NV","brand":"Toyota","website":"www.autonationtoyotalasvegas.com","address":"6300 W Sahara Ave","city":"Las Vegas","state":"NV","zip":89146,"latitude":36.1451641,"longitude":-115.2306932,"phone_number_service":"7026055801","phone_number_main":"7026055801","service_hours":"Mo-Fr 07:00 - 19:00 | Sa 08:00 - 18:00","utc_offset":"-420","gplace_id":null,"gplace_url":"https://maps.google.com/?cid=14643294391184401778","dealerID":74351,"trusted":false,"image_id":"v1597284039/toyota_ms.png","phone":"7026055801","cityStateSlug":"las-vegas.nv","slug":"Las-Vegas.NV/autonation+toyota+las+vegas","location":"36.1451641,-115.2306932","brandsList":["toyota"]},{"id":914,"crm_id":67077700,"name":"AutoNation Volkswagen Las Vegas","dealerSlug":"autonation+volkswagen+las+vegas","city_state_slug":"Las-Vegas.NV","brand":"Volkswagen","website":"www.autonationvolkswagenlasvegas.com","address":"6375 W Sahara Ave","city":"Las Vegas","state":"NV","zip":89146,"latitude":36.1433194,"longitude":-115.2311253,"phone_number_service":"7026055802","phone_number_main":"7026055802","service_hours":"Mo-Fr 07:00 - 19:00 | Sa 08:00 - 18:00","utc_offset":"-420","gplace_id":null,"gplace_url":"https://maps.google.com/?cid=16087553285862113197","dealerID":74352,"trusted":false,"image_id":"v1597283902/volkswagen.png","phone":"7026055802","cityStateSlug":"las-vegas.nv","slug":"Las-Vegas.NV/autonation+volkswagen+las+vegas","location":"36.1433194,-115.2311253","brandsList":["volkswagen"]},{"id":11585,"crm_id":67077703,"name":"Planet Nissan","dealerSlug":"planet+nissan","city_state_slug":"Las-Vegas.NV","brand":"Nissan","website":"www.planet-nissan.com","address":"5850 Centennial Center Blvd","city":"Las Vegas","state":"NV","zip":89149,"latitude":36.2681452,"longitude":-115.2599756,"phone_number_service":"7024258216","phone_number_main":"7024258141","service_hours":"Mo-Fr 07:00 - 18:00 | Sa 07:00 - 16:00","utc_offset":"-420","gplace_id":null,"gplace_url":"https://maps.google.com/?cid=5286843693693861706","dealerID":74353,"trusted":false,"image_id":"v1597283926/nissan_RM.png","phone":"7024258216","cityStateSlug":"las-vegas.nv","slug":"Las-Vegas.NV/planet+nissan","location":"36.2681452,-115.2599756","brandsList":["nissan"]},{"id":15495,"crm_id":67077712,"name":"Wild West Chevrolet","dealerSlug":"wild+west+chevrolet","city_state_slug":"Yerington.NV","brand":"Chevrolet","website":"www.wildwestchevrolet.com","address":"750 W Goldfield Ave","city":"Yerington","state":"NV","zip":89447,"latitude":38.9945367,"longitude":-119.1720734,"phone_number_service":"7753444069","phone_number_main":"7756243745","service_hours":"Mo-Fr  08:00 - 17:00","utc_offset":"-420","gplace_id":null,"gplace_url":"https://maps.google.com/?cid=15738884694600343928","dealerID":74354,"trusted":false,"image_id":"v1597284079/chevy_ms.png","phone":"7753444069","cityStateSlug":"yerington.nv","slug":"Yerington.NV/wild+west+chevrolet","location":"38.9945367,-119.1720734","brandsList":["chevrolet"]},{"id":7634,"crm_id":67077715,"name":"Jones-West Ford","dealerSlug":"jones+west+ford","city_state_slug":"Reno.NV","brand":"Ford","website":"www.jwford.com","address":"3600 Kietzke Ln","city":"Reno","state":"NV","zip":89502,"latitude":39.4894206,"longitude":-119.7881661,"phone_number_service":"8884031293","phone_number_main":"7753298800","service_hours":"Mo-Fr 07:30 - 18:00","utc_offset":"-420","gplace_id":null,"gplace_url":"https://maps.google.com/?cid=3783334249303178308","dealerID":74355,"trusted":false,"image_id":"v1597283967/ford_RM.png","phone":"8884031293","cityStateSlug":"reno.nv","slug":"Reno.NV/jones+west+ford","location":"39.4894206,-119.7881661","brandsList":["ford"]},{"id":8335,"crm_id":67077718,"name":"Land Rover Reno","dealerSlug":"land+rover+reno","city_state_slug":"Reno.NV","brand":"Land Rover","website":"www.landroverreno.com","address":"9150 S Virginia St","city":"Reno","state":"NV","zip":89511,"latitude":39.4474716,"longitude":-119.7736968,"phone_number_service":"7753324002","phone_number_main":"7753324000","service_hours":"Mo-Fr 07:30 - 17:30 | Sa 08:00 - 16:00","utc_offset":"-420","gplace_id":null,"gplace_url":"https://maps.google.com/?cid=3447040802625253871","dealerID":74356,"trusted":false,"image_id":"v1597283945/landrover_RM.png","phone":"7753324002","cityStateSlug":"reno.nv","slug":"Reno.NV/land+rover+reno","location":"39.4474716,-119.7736968","brandsList":["land rover"]},{"id":8912,"crm_id":67077724,"name":"Lithia Volkswagen of Reno","dealerSlug":"lithia+volkswagen+of+reno","city_state_slug":"Reno.NV","brand":"Volkswagen","website":"www.lithiarenovw.com","address":"1050 E Plumb Ln #110","city":"Reno","state":"NV","zip":89502,"latitude":39.5055777,"longitude":-119.7864481,"phone_number_service":"8882949795","phone_number_main":"7758005704","service_hours":"Mo-Fr 07:30 - 18:00 | Sa 08:00 - 16:00","utc_offset":"-420","gplace_id":null,"gplace_url":"https://maps.google.com/?cid=6554083903691854770","dealerID":74357,"trusted":false,"image_id":"v1597283902/volkswagen.png","phone":"8882949795","cityStateSlug":"reno.nv","slug":"Reno.NV/lithia+volkswagen+of+reno","location":"39.5055777,-119.7864481","brandsList":["volkswagen"]},{"id":14321,"crm_id":67077727,"name":"Tom Dolan's Reno KIA","dealerSlug":"tom+dolans+reno+kia","city_state_slug":"Reno.NV","brand":"Kia","website":"www.dolanrenokia.com","address":"9455 S Virginia St","city":"Reno","state":"NV","zip":89511,"latitude":39.44512,"longitude":-119.77481,"phone_number_service":"7758251366","phone_number_main":"7758251013","service_hours":"Mo-Fr 07:00 - 18:00","utc_offset":"-420","gplace_id":null,"gplace_url":"https://maps.google.com/?cid=12563304639255811189","dealerID":74358,"trusted":false,"image_id":"v1597283948/kia_RM.png","phone":"7758251366","cityStateSlug":"reno.nv","slug":"Reno.NV/tom+dolans+reno+kia","location":"39.44512,-119.77481","brandsList":["kia"]},{"id":9925,"crm_id":67077733,"name":"Michael Hohl Motor Company","dealerSlug":"michael+hohl+motor+company","city_state_slug":"Carson-City.NV","brand":"Buick,Chevrolet,GMC","website":"www.michaelhohlgm.com","address":"3700 S Carson St","city":"Carson City","state":"NV","zip":89701,"latitude":39.1334582,"longitude":-119.7704169,"phone_number_service":"7752974687","phone_number_main":"7758835777","service_hours":"Mo-Fr 07:00 - 18:00 | Sa 08:00 - 17:00","utc_offset":"-420","gplace_id":null,"gplace_url":"https://maps.google.com/?cid=6648729233738017414","dealerID":74359,"trusted":false,"image_id":"v1597283981/buick_RM.png","phone":"7752974687","cityStateSlug":"carson-city.nv","slug":"Carson-City.NV/michael+hohl+motor+company","location":"39.1334582,-119.7704169","brandsList":["buick","chevrolet","gmc"]},{"id":4505,"crm_id":67077736,"name":"Elko Chrysler Dodge Jeep RAM","dealerSlug":"elko+chrysler+dodge+jeep+ram","city_state_slug":"Elko.NV","brand":"Chrysler,Dodge,Jeep,RAM","website":"www.elkododgechryslerjeepram.com","address":"1585 Lamoille Highway","city":"Elko","state":"NV","zip":89801,"latitude":40.8347307,"longitude":-115.7401559,"phone_number_service":"7752995778","phone_number_main":"8775483361","service_hours":"Mo-Fr 07:00 - 18:00 | Sa 08:00 - 17:00","utc_offset":"-420","gplace_id":null,"gplace_url":"https://maps.google.com/?cid=189014720801686958","dealerID":74360,"trusted":false,"image_id":"v1597283975/chrysler_RM.png","phone":"7752995778","cityStateSlug":"elko.nv","slug":"Elko.NV/elko+chrysler+dodge+jeep+ram","location":"40.8347307,-115.7401559","brandsList":["chrysler","dodge","jeep","ram"]},{"id":4506,"crm_id":67077739,"name":"Elko Toyota","dealerSlug":"elko+toyota","city_state_slug":"Elko.NV","brand":"Toyota","website":"www.elkotoyota.com","address":"1585 Lamoille Hwy.","city":"Elko","state":"NV","zip":89801,"latitude":40.8349001,"longitude":-115.7402848,"phone_number_service":"8663193253","phone_number_main":"7757772277","service_hours":"Mo-Fr 07:00 - 18:00 | Sa 08:00 - 17:00","utc_offset":"-420","gplace_id":null,"gplace_url":"https://maps.google.com/?cid=13715398670970127152","dealerID":74361,"trusted":false,"image_id":"v1597284039/toyota_ms.png","phone":"8663193253","cityStateSlug":"elko.nv","slug":"Elko.NV/elko+toyota","location":"40.8349001,-115.7402848","brandsList":["toyota"]},{"id":12395,"crm_id":67077742,"name":"Riverton Elko Chevrolet Buick GMC","dealerSlug":"riverton+elko+chevrolet+buick+gmc","city_state_slug":"Elko.NV","brand":"Buick,Chevrolet,GMC","website":"www.rivertonelko.com","address":"3750 Idaho St","city":"Elko","state":"NV","zip":89801,"latitude":40.8608273,"longitude":-115.7358844,"phone_number_service":"8666332740","phone_number_main":"8777175635","service_hours":"Mo-Fr 07:00 - 17:30 | Sa 08:00 - 17:00","utc_offset":"-420","gplace_id":null,"gplace_url":"https://maps.google.com/?cid=17285194221465268303","dealerID":74362,"trusted":false,"image_id":"v1597283981/buick_RM.png","phone":"8666332740","cityStateSlug":"elko.nv","slug":"Elko.NV/riverton+elko+chevrolet+buick+gmc","location":"40.8608273,-115.7358844","brandsList":["buick","chevrolet","gmc"]},{"id":5335,"crm_id":67077745,"name":"Gallagher Ford","dealerSlug":"gallagher+ford","city_state_slug":"Elko.NV","brand":"Ford","website":"www.gallagherford.com","address":"650 30th Street","city":"Elko","state":"NV","zip":89801,"latitude":40.853883,"longitude":-115.7410771,"phone_number_service":"8887656044","phone_number_main":"7757383147","service_hours":"Mo-Fr 07:30 - 17:30","utc_offset":"-420","gplace_id":null,"gplace_url":"https://maps.google.com/?cid=8163573151326937291","dealerID":74363,"trusted":false,"image_id":"v1597283967/ford_RM.png","phone":"8887656044","cityStateSlug":"elko.nv","slug":"Elko.NV/gallagher+ford","location":"40.853883,-115.7410771","brandsList":["ford"]},{"id":3962,"crm_id":70983757,"name":"Desert 215 Superstore","dealerSlug":"desert+215+superstore","city_state_slug":"Las-Vegas.NV","brand":"Chrysler,Dodge,Jeep,RAM","website":"desert215superstore.com","address":"8030 Rafael Rivera Way","city":"Las Vegas","state":"NV","zip":89113,"latitude":36.0688423,"longitude":-115.2660907,"phone_number_service":"8882157222","phone_number_main":"7029638000","service_hours":"Mo-Fr 07:00 - 18:00 | Sa 08:00 -17:00","utc_offset":"-420","gplace_id":null,"gplace_url":"https://maps.google.com/?cid=15363071069864411221","dealerID":74992,"trusted":false,"image_id":"v1597283975/chrysler_RM.png","phone":"8882157222","cityStateSlug":"las-vegas.nv","slug":"Las-Vegas.NV/desert+215+superstore","location":"36.0688423,-115.2660907","brandsList":["chrysler","dodge","jeep","ram"]},{"id":12771,"crm_id":74707585,"name":"Sahara Chrysler Jeep Dodge RAM","dealerSlug":"sahara+chrysler+jeep+dodge+ram","city_state_slug":"Las-Vegas.NV","brand":"Chrysler,Dodge,Jeep,RAM","website":"www.saveonsahara.com","address":"5050 W Sahara Ave #3400","city":"Las Vegas","state":"NV","zip":89146,"latitude":36.1451225,"longitude":-115.2101898,"phone_number_service":"7026371686","phone_number_main":"8005065050","service_hours":"Mo-Fr 07:00 - 18:00 | Sa 08:00 - 17:00","utc_offset":"-420","gplace_id":null,"gplace_url":"https://maps.google.com/?cid=12449975052826105287","dealerID":75110,"trusted":false,"image_id":"v1597283975/chrysler_RM.png","phone":"7026371686","cityStateSlug":"las-vegas.nv","slug":"Las-Vegas.NV/sahara+chrysler+jeep+dodge+ram","location":"36.1451225,-115.2101898","brandsList":["chrysler","dodge","jeep","ram"]},{"id":6828,"crm_id":78323707,"name":"Hyundai of Las Vegas","dealerSlug":"hyundai+of+las+vegas","city_state_slug":"Las-Vegas.NV","brand":"Hyundai","website":"hyundaioflasvegas.com","address":"7150 W Sahara Ave","city":"Las Vegas","state":"NV","zip":89117,"latitude":36.1446515,"longitude":-115.2489338,"phone_number_service":"7026087953","phone_number_main":"7025343844","service_hours":"Mo-Fr 07:00 - 18:00 | Sa 07:00 - 16:00","utc_offset":"-420","gplace_id":null,"gplace_url":"https://maps.google.com/?cid=9996327784090458403","dealerID":75196,"trusted":false,"image_id":"v1597283959/hyundai_RM.png","phone":"7026087953","cityStateSlug":"las-vegas.nv","slug":"Las-Vegas.NV/hyundai+of+las+vegas","location":"36.1446515,-115.2489338","brandsList":["hyundai"]},{"id":9893,"crm_id":80356672,"name":"Mesquite Ford Lincoln & RV","dealerSlug":"mesquite+ford+lincoln+and+rv","city_state_slug":"Mesquite.NV","brand":"Ford,Lincoln","website":"www.mesquiteford.net","address":"76 Auto Mall Cir","city":"Mesquite","state":"NV","zip":89027,"latitude":36.8020129,"longitude":-114.1128871,"phone_number_service":"7023454000","phone_number_main":"8888988587","service_hours":"Mo-Fr 08:00 - 17:00 | Sa 08:00 - 12:00","utc_offset":"-420","gplace_id":null,"gplace_url":"https://maps.google.com/?cid=8711642798042004109","dealerID":75239,"trusted":false,"image_id":"v1597283967/ford_RM.png","phone":"7023454000","cityStateSlug":"mesquite.nv","slug":"Mesquite.NV/mesquite+ford+lincoln+and+rv","location":"36.8020129,-114.1128871","brandsList":["ford","lincoln"]},{"id":9746,"crm_id":81989779,"name":"Mercedes-Benz of Henderson","dealerSlug":"mercedes+benz+of+henderson","city_state_slug":"Henderson.NV","brand":"Mercedes-Benz","website":"www.mbofhenderson.com","address":"925 Auto Show Dr","city":"Henderson","state":"NV","zip":89014,"latitude":36.0447482,"longitude":-115.024463,"phone_number_service":"7029308654","phone_number_main":"7024853000","service_hours":"Mo-Fr 07:00 - 18:00 | Sa 08:00 - 14:00","utc_offset":"-420","gplace_id":null,"gplace_url":"https://maps.google.com/?cid=1178155197042219988","dealerID":75273,"trusted":false,"image_id":"v1597283934/mercedes_RM.png","phone":"7029308654","cityStateSlug":"henderson.nv","slug":"Henderson.NV/mercedes+benz+of+henderson","location":"36.0447482,-115.024463","brandsList":["mercedes-benz"]},{"id":29,"crm_id":85722058,"name":"ABC Hyundai","dealerSlug":"abc+hyundai","city_state_slug":"Las-Vegas.NV","brand":"Hyundai","website":"www.abchyundai.com","address":"6825 REDWOOD ST","city":"Las Vegas","state":"NV","zip":89118,"latitude":36.0648176,"longitude":-115.2386563,"phone_number_service":"7024758699","phone_number_main":"7029021020","service_hours":"Mo-Fr 07:00 - 18:00 | Sa 07:00 - 16:00","utc_offset":"-420","gplace_id":null,"gplace_url":"https://maps.google.com/?cid=8072671710000697889","dealerID":75363,"trusted":false,"image_id":"v1597283959/hyundai_RM.png","phone":"7024758699","cityStateSlug":"las-vegas.nv","slug":"Las-Vegas.NV/abc+hyundai","location":"36.0648176,-115.2386563","brandsList":["hyundai"]},{"id":14386,"crm_id":91359634,"name":"Towbin Fiat Alfa Romeo","dealerSlug":"towbin+fiat+alfa+romeo","city_state_slug":"Las-Vegas.NV","brand":"Alfa Romeo,Fiat","website":"www.fiatusaoflasvegas.com","address":"2550 S Jones Blvd","city":"Las Vegas","state":"NV","zip":89146,"latitude":36.1429958,"longitude":-115.2247168,"phone_number_service":"7029003428","phone_number_main":"7029003428","service_hours":"Mo-Fr 07:00 - 20:00 | Sa 07:00 - 17:00","utc_offset":"-420","gplace_id":null,"gplace_url":"https://maps.google.com/?cid=1601474291806668727","dealerID":76066,"trusted":false,"image_id":"v1597283991/Alfa-Romeo.jpg","phone":"7029003428","cityStateSlug":"las-vegas.nv","slug":"Las-Vegas.NV/towbin+fiat+alfa+romeo","location":"36.1429958,-115.2247168","brandsList":["alfa romeo","fiat"]},{"id":570,"crm_id":91359652,"name":"Audi Henderson","dealerSlug":"audi+henderson","city_state_slug":"Henderson.NV","brand":"Audi","website":"www.audihenderson.com","address":"7740 Eastgate Rd","city":"Henderson","state":"NV","zip":89011,"latitude":36.0470943,"longitude":-115.0187531,"phone_number_service":"8885480774","phone_number_main":"7029824600","service_hours":"Mo-Fr 07:30 - 18:00 | Sa 08:00 - 16:00","utc_offset":"-420","gplace_id":null,"gplace_url":"https://maps.google.com/?cid=3965368400137643236","dealerID":76067,"trusted":false,"image_id":"v1597283985/audi_RM.png","phone":"8885480774","cityStateSlug":"henderson.nv","slug":"Henderson.NV/audi+henderson","location":"36.0470943,-115.0187531","brandsList":["audi"]},{"id":584,"crm_id":91359709,"name":"Audi Las Vegas","dealerSlug":"audi+las+vegas","city_state_slug":"Las-Vegas.NV","brand":"Audi","website":"www.audilasvegas.com","address":"6335 W Sahara Ave","city":"Las Vegas","state":"NV","zip":89146,"latitude":36.1433362,"longitude":-115.2301826,"phone_number_service":"8888189981","phone_number_main":"7025700276","service_hours":"Mo-Fr 07:00 - 19:00 | Sa 08:00 - 18:00","utc_offset":"-420","gplace_id":null,"gplace_url":"https://maps.google.com/?cid=4790800701149343819","dealerID":76068,"trusted":false,"image_id":"v1597283985/audi_RM.png","phone":"8888189981","cityStateSlug":"las-vegas.nv","slug":"Las-Vegas.NV/audi+las+vegas","location":"36.1433362,-115.2301826","brandsList":["audi"]},{"id":1680,"crm_id":91359748,"name":"BMW of Henderson","dealerSlug":"bmw+of+henderson","city_state_slug":"Henderson.NV","brand":"BMW","website":"www.bmwhenderson.com","address":"261 Auto Mall Dr","city":"Henderson","state":"NV","zip":89014,"latitude":36.0468732,"longitude":-115.0245788,"phone_number_service":"7025700278","phone_number_main":"7025700278","service_hours":"Mo-Fr 07:00 - 19:00 | Sa 08:00 - 18:00","utc_offset":"-420","gplace_id":null,"gplace_url":"https://maps.google.com/?cid=7478656745576730373","dealerID":51716,"trusted":true,"image_id":"v1597283982/bmw_RM.png","phone":"7025700278","cityStateSlug":"henderson.nv","slug":"Henderson.NV/bmw+of+henderson","location":"36.0468732,-115.0245788","brandsList":["bmw"]},{"id":4376,"crm_id":91360297,"name":"Ed Bozarth Nevada #1 Chevrolet","dealerSlug":"ed+bozarth+nevada+number+1+chevrolet","city_state_slug":"Las-Vegas.NV","brand":"Chevrolet","website":"www.edbozarthlasvegas.com","address":"5501 Drexel Rd","city":"Las Vegas","state":"NV","zip":89130,"latitude":36.2609112,"longitude":-115.2500945,"phone_number_service":"7029488011","phone_number_main":"7029675500","service_hours":"Mo-Fr 07:00 - 18:00 | Sa 07:00 - 17:00","utc_offset":"-420","gplace_id":null,"gplace_url":"https://maps.google.com/?cid=14838254889707898483","dealerID":76070,"trusted":false,"image_id":"v1597284079/chevy_ms.png","phone":"7029488011","cityStateSlug":"las-vegas.nv","slug":"Las-Vegas.NV/ed+bozarth+nevada+number+1+chevrolet","location":"36.2609112,-115.2500945","brandsList":["chevrolet"]},{"id":7411,"crm_id":91360834,"name":"Jim Marsh Chrysler Jeep","dealerSlug":"jim+marsh+chrysler+jeep","city_state_slug":"Las-Vegas.NV","brand":"Chrysler,Dodge,Jeep,RAM","website":"www.jimmarshamericanchryslerjeep.com","address":"8575 W Centennial Pkwy","city":"Las Vegas","state":"NV","zip":89149,"latitude":36.2766828,"longitude":-115.2828327,"phone_number_service":"8444942281","phone_number_main":"7029469000","service_hours":"Mo-Fr 07:30 - 17:30 | Sa 08:00 - 12:00","utc_offset":"-420","gplace_id":null,"gplace_url":"https://maps.google.com/?cid=17321455763584450606","dealerID":76071,"trusted":false,"image_id":"v1597283975/chrysler_RM.png","phone":"8444942281","cityStateSlug":"las-vegas.nv","slug":"Las-Vegas.NV/jim+marsh+chrysler+jeep","location":"36.2766828,-115.2828327","brandsList":["chrysler","dodge","jeep","ram"]},{"id":12775,"crm_id":91398280,"name":"Saitta Trudeau Chrysler Jeep Dodge","dealerSlug":"saitta+trudeau+chrysler+jeep+dodge","city_state_slug":"Pahrump.NV","brand":"Chrysler,Dodge,Jeep,RAM","website":"www.saittatrudeauchryslerjeepdodge.com","address":"1541 E Wahkiakum Ave","city":"Pahrump","state":"NV","zip":89048,"latitude":36.215404,"longitude":-115.9885716,"phone_number_service":"7754192671","phone_number_main":"7754553603","service_hours":"Mo-Fr 07:30 - 18:00 | Sa 08:00-16:00","utc_offset":"-420","gplace_id":null,"gplace_url":"https://maps.google.com/?cid=17311987554450658284","dealerID":76089,"trusted":false,"image_id":"v1597283975/chrysler_RM.png","phone":"7754192671","cityStateSlug":"pahrump.nv","slug":"Pahrump.NV/saitta+trudeau+chrysler+jeep+dodge","location":"36.215404,-115.9885716","brandsList":["chrysler","dodge","jeep","ram"]},{"id":14080,"crm_id":91398373,"name":"Team Ford Lincoln","dealerSlug":"team+ford+lincoln","city_state_slug":"Las-Vegas.NV","brand":"Ford,Lincoln","website":"www.teamfordlasvegas.com","address":"5445 Drexel Rd","city":"Las Vegas","state":"NV","zip":89130,"latitude":36.2585267,"longitude":-115.248296,"phone_number_service":"7029978446","phone_number_main":"7029978445","service_hours":"Mo-Fr 07:00 - 18:00 | Sa 07:00 - 17:00","utc_offset":"-420","gplace_id":null,"gplace_url":"https://maps.google.com/?cid=15191762485556208449","dealerID":76090,"trusted":false,"image_id":"v1597283967/ford_RM.png","phone":"7029978446","cityStateSlug":"las-vegas.nv","slug":"Las-Vegas.NV/team+ford+lincoln","location":"36.2585267,-115.248296","brandsList":["ford","lincoln"]},{"id":761,"crm_id":91398421,"name":"AutoNation Buick GMC Henderson","dealerSlug":"autonation+buick+gmc+henderson","city_state_slug":"Henderson.NV","brand":"Buick,GMC","website":"www.autonationbuickgmchenderson.com","address":"330 N Gibson Rd Suite A","city":"Henderson","state":"NV","zip":89014,"latitude":36.0518672,"longitude":-115.0280388,"phone_number_service":"7029792050","phone_number_main":"7024728161","service_hours":"Mo-Fr 07:00 - 19:00 | Sa 08:00 - 16:00","utc_offset":"-420","gplace_id":null,"gplace_url":"https://maps.google.com/?cid=2280180070746189012","dealerID":76091,"trusted":false,"image_id":"v1597283981/buick_RM.png","phone":"7029792050","cityStateSlug":"henderson.nv","slug":"Henderson.NV/autonation+buick+gmc+henderson","location":"36.0518672,-115.0280388","brandsList":["buick","gmc"]},{"id":764,"crm_id":91398430,"name":"AutoNation Buick GMC West Sahara","dealerSlug":"autonation+buick+gmc+west+sahara","city_state_slug":"Las-Vegas.NV","brand":"Buick,GMC","website":"www.autonationbuickgmcwestsahara.com","address":"6400 West Sahara Avenue","city":"Las Vegas","state":"NV","zip":89146,"latitude":36.1447449,"longitude":-115.2347829,"phone_number_service":"7029792059","phone_number_main":"7025456797","service_hours":"Mo-Fr 07:00 - 19:00 | Sa 08:00 - 18:00","utc_offset":"-420","gplace_id":null,"gplace_url":"https://maps.google.com/?cid=7406233568593538605","dealerID":76092,"trusted":false,"image_id":"v1597283981/buick_RM.png","phone":"7029792059","cityStateSlug":"las-vegas.nv","slug":"Las-Vegas.NV/autonation+buick+gmc+west+sahara","location":"36.1447449,-115.2347829","brandsList":["buick","gmc"]},{"id":4322,"crm_id":91398442,"name":"Earnhardt Buick GMC","dealerSlug":"earnhardt+buick+gmc","city_state_slug":"Las-Vegas.NV","brand":"Buick,GMC","website":"www.earnhardtbuickgmc.vegas","address":"6501 Centennial Center Blvd","city":"Las Vegas","state":"NV","zip":89149,"latitude":36.275464,"longitude":-115.271918,"phone_number_service":"7029488512","phone_number_main":"7029518200","service_hours":"Mo-Fr 07:00 - 18:00 | Sa 07:00 - 16:00","utc_offset":"-420","gplace_id":null,"gplace_url":"https://maps.google.com/?cid=4783038229497520799","dealerID":76093,"trusted":false,"image_id":"v1597283981/buick_RM.png","phone":"7029488512","cityStateSlug":"las-vegas.nv","slug":"Las-Vegas.NV/earnhardt+buick+gmc","location":"36.275464,-115.271918","brandsList":["buick","gmc"]},{"id":14387,"crm_id":91398856,"name":"Towbin Kia","dealerSlug":"towbin+kia","city_state_slug":"Henderson.NV","brand":"Kia","website":"towbinkia.com","address":"260 N Gibson Rd","city":"Henderson","state":"NV","zip":89014,"latitude":36.0470497,"longitude":-115.027915,"phone_number_service":"7025678000","phone_number_main":"7025678000","service_hours":"Mo-Fr 07:00 - 17:00 | Sa 07:00 - 14:00","utc_offset":"-420","gplace_id":null,"gplace_url":"https://maps.google.com/?cid=11929248497645782965","dealerID":76094,"trusted":false,"image_id":"v1597283948/kia_RM.png","phone":"7025678000","cityStateSlug":"henderson.nv","slug":"Henderson.NV/towbin+kia","location":"36.0470497,-115.027915","brandsList":["kia"]},{"id":8489,"crm_id":91398922,"name":"Las Vegas Mitsubishi Fuso","dealerSlug":"las+vegas+mitsubishi+fuso","city_state_slug":"Las-Vegas.NV","brand":"Mitsubishi","website":"www.lvmitfuso.com","address":"4221 N Production Ct","city":"Las Vegas","state":"NV","zip":89115,"latitude":36.23654,"longitude":-115.095214,"phone_number_service":"7026433977","phone_number_main":"7026433977","service_hours":"Mo-Fr 09:00 - 17:00","utc_offset":"-420","gplace_id":null,"gplace_url":"https://maps.google.com/?cid=9210786768131033400","dealerID":76095,"trusted":false,"image_id":"v1597283928/mitsubishi.png","phone":"7026433977","cityStateSlug":"las-vegas.nv","slug":"Las-Vegas.NV/las+vegas+mitsubishi+fuso","location":"36.23654,-115.095214","brandsList":["mitsubishi"]},{"id":4810,"crm_id":91398994,"name":"Findlay North Volkswagen","dealerSlug":"findlay+north+volkswagen","city_state_slug":"Las-Vegas.NV","brand":"Volkswagen","website":"www.findlaynorthvw.com","address":"7500 W Azure Dr","city":"Las Vegas","state":"NV","zip":89130,"latitude":36.2755221,"longitude":-115.2595741,"phone_number_service":"7029824800","phone_number_main":"7029824800","service_hours":"Mo-Fr 08:00 - 17:00 | Sa 08:00 - 16:00","utc_offset":"-420","gplace_id":null,"gplace_url":"https://maps.google.com/?cid=11526750704782360167","dealerID":76096,"trusted":false,"image_id":"v1597283902/volkswagen.png","phone":"7029824800","cityStateSlug":"las-vegas.nv","slug":"Las-Vegas.NV/findlay+north+volkswagen","location":"36.2755221,-115.2595741","brandsList":["volkswagen"]},{"id":10170,"crm_id":114996108,"name":"MINI of Reno","dealerSlug":"mini+of+reno","city_state_slug":"Reno.NV","brand":"MINI","website":"www.miniofreno.com","address":"11505 S Virginia St","city":"Reno","state":"NV","zip":89511,"latitude":39.4260812,"longitude":-119.763123,"phone_number_service":"7758516464","phone_number_main":"7753379640","service_hours":"Mo-Fr 07:30 - 17:30 | Sa 10:00 - 13:00","utc_offset":"-420","gplace_id":null,"gplace_url":"https://maps.google.com/?cid=513177089083325671","dealerID":76971,"trusted":false,"image_id":"v1597283930/mini_RM.png","phone":"7758516464","cityStateSlug":"reno.nv","slug":"Reno.NV/mini+of+reno","location":"39.4260812,-119.763123","brandsList":["mini"]},{"id":8889,"crm_id":115355424,"name":"Lithia Hyundai of Reno","dealerSlug":"lithia+hyundai+of+reno","city_state_slug":"Reno.NV","brand":"Hyundai","website":"www.lithiahyundaireno.com","address":"2620 Kietzke Ln","city":"Reno","state":"NV","zip":89502,"latitude":39.499007,"longitude":-119.788125,"phone_number_service":"7756823348","phone_number_main":"7758005703","service_hours":"Mo-Fr 07:30 - 17:30 | Sa 08:00 - 17:00","utc_offset":"-420","gplace_id":null,"gplace_url":"https://maps.google.com/?cid=12422347350495233713","dealerID":77010,"trusted":false,"image_id":"v1597283959/hyundai_RM.png","phone":"7756823348","cityStateSlug":"reno.nv","slug":"Reno.NV/lithia+hyundai+of+reno","location":"39.499007,-119.788125","brandsList":["hyundai"]},{"id":7244,"crm_id":115826016,"name":"Jeep Only","dealerSlug":"jeep+only","city_state_slug":"Las-Vegas.NV","brand":"Jeep","website":"www.jeeponly.com","address":"5255 W Sahara Ave","city":"Las Vegas","state":"NV","zip":89146,"latitude":36.1436762,"longitude":-115.2129998,"phone_number_service":"8886087501","phone_number_main":"8885797604","service_hours":"Mo-Fr 07:00 - 17:00 | Sa 08:00 - 17:00","utc_offset":"-420","gplace_id":null,"gplace_url":"https://maps.google.com/?cid=4705363213886832474","dealerID":77225,"trusted":false,"image_id":"v1597284085/jeep_ms.png","phone":"8886087501","cityStateSlug":"las-vegas.nv","slug":"Las-Vegas.NV/jeep+only","location":"36.1436762,-115.2129998","brandsList":["jeep"]}]